Time,Token,Action,Address,Amount
2022-06-17 09:00,USDC,TO,0x83971bef12686921e144db119042b484731ea120,100000.0
2022-06-21 10:00,USDC,FROM,0xef9fadde8539563d9a5e6625ce014b2e399f1597,14132.0
2022-06-21 10:00,USDC,FROM,0xef9fadde8539563d9a5e6625ce014b2e399f1597,2834.48
2022-06-27 12:00,USDC,FROM,0x3d0d0fdc3f8f4cbd1628cab514ec66654f49917e,7847.0
2022-06-27 12:00,USDC,FROM,0x5b6b4af06798a8c85e8c5effd69b112623e97fd3,4000.0
2022-07-02 11:00,USDC,FROM,0xd9327470293d188f6e35f12324d6cc115b9cd95d,5670.0
2022-07-22 04:00,USDC,FROM,0x3d0d0fdc3f8f4cbd1628cab514ec66654f49917e,21000.0
2022-07-26 14:00,USDC,FROM,0x5b6b4af06798a8c85e8c5effd69b112623e97fd3,4000.0
2022-07-30 18:00,USDC,FROM,0x3d0d0fdc3f8f4cbd1628cab514ec66654f49917e,6279.46
2022-07-30 18:00,USDC,FROM,0x08b2953abd1c784784386b8501f5e8640d3cb9c0,6014.0
2022-08-10 06:00,USDC,TO,0x83971bef12686921e144db119042b484731ea120,100000.0
2022-08-19 11:00,USDC,FROM,0x3d0d0fdc3f8f4cbd1628cab514ec66654f49917e,21000.0
2022-08-19 13:00,USDC,FROM,0x5b6b4af06798a8c85e8c5effd69b112623e97fd3,4000.0
2022-09-05 18:00,USDC,FROM,0x958c5eb6018832508108e18d58a4acaf6f5fe658,15000.0
2022-09-13 10:00,USDC,FROM,0x46d6a45167c9d4c6d5b6e4e6ece9834be53c8f9c,8000.0
2022-09-13 14:00,USDC,FROM,0x46d6a45167c9d4c6d5b6e4e6ece9834be53c8f9c,2267.0
2022-09-13 14:00,USDC,FROM,0x3d0d0fdc3f8f4cbd1628cab514ec66654f49917e,1285.0
2022-09-15 09:00,USDC,FROM,0x46d6a45167c9d4c6d5b6e4e6ece9834be53c8f9c,76.0
2022-09-20 09:00,USDC,FROM,0x3d0d0fdc3f8f4cbd1628cab514ec66654f49917e,21000.0
2022-09-20 09:00,USDC,FROM,0x5b6b4af06798a8c85e8c5effd69b112623e97fd3,4215.0
2022-10-10 16:00,USDC,FROM,0x3d0d0fdc3f8f4cbd1628cab514ec66654f49917e,868.0
2022-10-11 11:00,USDT,TO,0x83971bef12686921e144db119042b484731ea120,48775.0
2022-10-17 11:00,USDC,FROM,0x4a72907eeb02ff3e816fec0ca3356f45ba67d1ec,140.0
2022-10-19 10:00,USDC,FROM,0x5b6b4af06798a8c85e8c5effd69b112623e97fd3,4000.0
2022-10-19 10:00,USDC,FROM,0x3d0d0fdc3f8f4cbd1628cab514ec66654f49917e,21000.0
2022-10-19 10:00,USDC,FROM,0x3d0d0fdc3f8f4cbd1628cab514ec66654f49917e,97.0
2022-10-19 13:00,USDC,FROM,0xef9fadde8539563d9a5e6625ce014b2e399f1597,100.0
2022-10-20 15:00,USDC,FROM,0xef9fadde8539563d9a5e6625ce014b2e399f1597,140.0
2022-10-20 15:00,USDC,FROM,0xef9fadde8539563d9a5e6625ce014b2e399f1597,200.0
2022-10-25 08:00,USDT,FROM,0x7b464929a7c7c9f59335211a0f699667322b4f14,25517.0
2022-11-07 19:00,USDC,FROM,0x3d0d0fdc3f8f4cbd1628cab514ec66654f49917e,884.0
2022-11-16 20:00,USDC,FROM,0x5b6b4af06798a8c85e8c5effd69b112623e97fd3,3249.0
2022-11-17 15:00,USDC,FROM,0x5b6b4af06798a8c85e8c5effd69b112623e97fd3,4000.0
2022-11-17 15:00,USDT,FROM,0x3d0d0fdc3f8f4cbd1628cab514ec66654f49917e,21000.0
2022-11-23 15:00,USDC,TO,0x83971bef12686921e144db119042b484731ea120,20077.669484
2022-11-23 16:00,USDT,FROM,0xe5ea222c37cd23f37c6f35c51d2c008479ea1bc2,609.0
2022-11-24 09:00,USDC,TO,0x75ff84530c0628485127c8501fad8a555307488c,100000.0
2022-11-24 14:00,USDC,FROM,0x4a72907eeb02ff3e816fec0ca3356f45ba67d1ec,67632.35
2022-11-24 14:00,USDT,TO,0x4a72907eeb02ff3e816fec0ca3356f45ba67d1ec,66990.022037
2022-11-24 16:00,USDT,FROM,0x7b464929a7c7c9f59335211a0f699667322b4f14,38573.17
2022-11-25 09:00,USDC,FROM,0x958c5eb6018832508108e18d58a4acaf6f5fe658,5000.0
2022-11-25 09:00,USDT,FROM,0x7b464929a7c7c9f59335211a0f699667322b4f14,28986.32
2022-11-28 10:00,USDC,FROM,0x3d0d0fdc3f8f4cbd1628cab514ec66654f49917e,2554.0
2022-11-28 11:00,USDC,FROM,0x4a72907eeb02ff3e816fec0ca3356f45ba67d1ec,33000.0
2022-11-28 11:00,USDT,TO,0x4a72907eeb02ff3e816fec0ca3356f45ba67d1ec,32758.583985
2022-11-28 11:00,USDT,FROM,0x7b464929a7c7c9f59335211a0f699667322b4f14,31849.98
2022-12-07 11:00,USDC,FROM,0x3b47469b17206008a3e23c2a49539ea32f3435ab,240.0
2022-12-14 10:00,USDC,FROM,0x3d0d0fdc3f8f4cbd1628cab514ec66654f49917e,21000.0
2022-12-14 17:00,USDC,FROM,0x5b6b4af06798a8c85e8c5effd69b112623e97fd3,4000.0
2022-12-19 08:00,USDC,TO,0x75ff84530c0628485127c8501fad8a555307488c,200000.0
2022-12-19 09:00,USDC,FROM,0x3154677b603c2b30810b46a56b46892aa09d60e2,6000.0
2022-12-27 11:00,USDC,FROM,0xcc3d189871e54b2a4214d5a989439d1cf5060392,2500.0
2023-01-05 11:00,USDC,FROM,0x4a72907eeb02ff3e816fec0ca3356f45ba67d1ec,82000.0
2023-01-05 11:00,USDC,FROM,0x3d0d0fdc3f8f4cbd1628cab514ec66654f49917e,2118.0
2023-01-05 11:00,USDT,TO,0x4a72907eeb02ff3e816fec0ca3356f45ba67d1ec,82008.027998
2023-01-05 12:00,USDT,FROM,0x7b464929a7c7c9f59335211a0f699667322b4f14,34504.0
2023-01-05 12:00,USDT,FROM,0x7b464929a7c7c9f59335211a0f699667322b4f14,29812.0
2023-01-16 09:00,USDC,FROM,0x3a3a352a4173553cac9ca7467478597ce8fc93fa,8375.0
2023-01-16 11:00,USDC,FROM,0x3d0d0fdc3f8f4cbd1628cab514ec66654f49917e,22700.0
2023-01-16 12:00,USDC,FROM,0x5b6b4af06798a8c85e8c5effd69b112623e97fd3,4000.0
2023-01-17 14:00,USDC,FROM,0x3154677b603c2b30810b46a56b46892aa09d60e2,5000.0
2023-01-17 14:00,USDC,FROM,0x3d0d0fdc3f8f4cbd1628cab514ec66654f49917e,2184.0
2023-01-18 06:00,USDC,FROM,0x3d0d0fdc3f8f4cbd1628cab514ec66654f49917e,584.0
2023-01-18 10:00,USDC,FROM,0x5b6b4af06798a8c85e8c5effd69b112623e97fd3,4044.0
2023-01-27 15:00,USDC,FROM,0xf5245992b5af764cba0afe352c7578b20c5e7cfe,500.0
2023-01-27 15:00,USDC,FROM,0x4a72907eeb02ff3e816fec0ca3356f45ba67d1ec,23167.0
2023-01-27 15:00,USDC,FROM,0x0c482919bbf8551c7be9b34e7e957f7183b5ba1e,2250.0
2023-01-27 15:00,USDT,TO,0x4a72907eeb02ff3e816fec0ca3356f45ba67d1ec,22991.41128
2023-01-27 15:00,USDT,FROM,0x7b464929a7c7c9f59335211a0f699667322b4f14,23164.0
2023-02-01 17:00,USDC,FROM,0x3d0d0fdc3f8f4cbd1628cab514ec66654f49917e,1960.0
2023-02-03 11:00,USDC,FROM,0x3d0d0fdc3f8f4cbd1628cab514ec66654f49917e,20465.68
2023-02-03 15:00,USDC,FROM,0x3a3a352a4173553cac9ca7467478597ce8fc93fa,8375.0
2023-02-03 17:00,USDC,TO,0x75ff84530c0628485127c8501fad8a555307488c,200000.0
2023-02-05 11:00,USDC,FROM,0x3154677b603c2b30810b46a56b46892aa09d60e2,1199.0
2023-02-06 17:00,USDC,FROM,0x4a72907eeb02ff3e816fec0ca3356f45ba67d1ec,30874.0
2023-02-06 17:00,USDT,TO,0x4a72907eeb02ff3e816fec0ca3356f45ba67d1ec,30639.6163
2023-02-06 18:00,USDC,FROM,0xb104c36540604bc406a4d8510b1b82d30b5cdb78,1.0
2023-02-06 18:00,USDT,FROM,0x7b464929a7c7c9f59335211a0f699667322b4f14,33332.96
2023-02-06 19:00,USDC,FROM,0xb104c36540604bc406a4d8510b1b82d30b5cdb78,800.0
2023-02-13 10:00,USDC,FROM,0xb104c36540604bc406a4d8510b1b82d30b5cdb78,4224.0
2023-02-15 19:00,USDC,FROM,0x4a72907eeb02ff3e816fec0ca3356f45ba67d1ec,18000.0
2023-02-15 19:00,USDC,TO,0x4a72907eeb02ff3e816fec0ca3356f45ba67d1ec,18000.0
2023-02-15 20:00,USDC,FROM,0x4a72907eeb02ff3e816fec0ca3356f45ba67d1ec,18000.0
2023-02-15 20:00,USDT,TO,0x4a72907eeb02ff3e816fec0ca3356f45ba67d1ec,17861.922876
2023-02-15 21:00,USDT,FROM,0x7b464929a7c7c9f59335211a0f699667322b4f14,33456.52
2023-02-19 17:00,USDC,FROM,0xb104c36540604bc406a4d8510b1b82d30b5cdb78,22504.0
2023-02-19 17:00,USDC,FROM,0x20bf7dc4b28c1d7e0c0bc8f48d310d724743b9ad,5500.0
2023-02-19 17:00,USDC,FROM,0x5b6b4af06798a8c85e8c5effd69b112623e97fd3,4000.0
2023-02-19 17:00,USDC,FROM,0x5b6b4af06798a8c85e8c5effd69b112623e97fd3,1529.0
2023-02-22 08:00,USDC,FROM,0xf5245992b5af764cba0afe352c7578b20c5e7cfe,750.0
2023-02-22 08:00,USDC,FROM,0x0c482919bbf8551c7be9b34e7e957f7183b5ba1e,3000.0
2023-02-28 11:00,USDC,FROM,0x3d0d0fdc3f8f4cbd1628cab514ec66654f49917e,16442.52
2023-03-06 18:00,USDC,FROM,0x3a3a352a4173553cac9ca7467478597ce8fc93fa,8375.0
2023-03-06 18:00,USDC,FROM,0xf2d414978fa3b4e65d8b936624fa7cbb568d30ee,3000.0
2023-03-06 19:00,USDC,FROM,0xf2d414978fa3b4e65d8b936624fa7cbb568d30ee,130.0
2023-03-06 20:00,USDC,FROM,0x4a72907eeb02ff3e816fec0ca3356f45ba67d1ec,32793.0
2023-03-06 20:00,USDT,TO,0x4a72907eeb02ff3e816fec0ca3356f45ba67d1ec,32537.960374
2023-03-06 21:00,USDT,FROM,0x7b464929a7c7c9f59335211a0f699667322b4f14,32790.57
2023-03-10 13:00,USDC,FROM,0xb104c36540604bc406a4d8510b1b82d30b5cdb78,921.0
2023-03-10 15:00,USDC,FROM,0x5b6b4af06798a8c85e8c5effd69b112623e97fd3,1131.44
2023-03-16 16:00,USDC,TO,0x75ff84530c0628485127c8501fad8a555307488c,100000.0
2023-03-17 13:00,USDC,FROM,0xb104c36540604bc406a4d8510b1b82d30b5cdb78,22328.0
2023-03-17 15:00,USDC,FROM,0x5b6b4af06798a8c85e8c5effd69b112623e97fd3,4000.0
2023-03-17 15:00,USDC,FROM,0x0c482919bbf8551c7be9b34e7e957f7183b5ba1e,3000.0
2023-03-17 15:00,USDC,FROM,0x3154677b603c2b30810b46a56b46892aa09d60e2,6000.0
2023-03-20 21:00,USDC,FROM,0x4a72907eeb02ff3e816fec0ca3356f45ba67d1ec,29267.51
2023-03-20 21:00,USDT,TO,0x4a72907eeb02ff3e816fec0ca3356f45ba67d1ec,28911.274901
2023-03-20 21:00,USDT,FROM,0x7b464929a7c7c9f59335211a0f699667322b4f14,29206.37
2023-03-21 21:00,USDC,FROM,0x5b6b4af06798a8c85e8c5effd69b112623e97fd3,1733.0
2023-03-21 21:00,USDC,FROM,0x3a3a352a4173553cac9ca7467478597ce8fc93fa,8375.0
2023-03-26 15:00,USDC,FROM,0x3d0d0fdc3f8f4cbd1628cab514ec66654f49917e,22709.99
2023-04-04 05:00,USDC,FROM,0x8704c1f31906c7ab62901ea8bdb3974e655297fa,10000.0
2023-04-04 05:00,USDC,FROM,0x4a72907eeb02ff3e816fec0ca3356f45ba67d1ec,33376.0
2023-04-04 06:00,USDT,TO,0x4a72907eeb02ff3e816fec0ca3356f45ba67d1ec,33360.812206
2023-04-04 06:00,USDT,FROM,0x7b464929a7c7c9f59335211a0f699667322b4f14,33374.0
2023-04-05 09:00,USDC,FROM,0x8704c1f31906c7ab62901ea8bdb3974e655297fa,4000.0
2023-04-06 04:00,USDC,TO,0x75ff84530c0628485127c8501fad8a555307488c,100000.0
2023-04-06 05:00,USDC,FROM,0x8704c1f31906c7ab62901ea8bdb3974e655297fa,10000.0
2023-04-11 12:00,USDC,FROM,0x2457f9e32d8f008c6095378772b8d6b52415eb05,3000.0
2023-04-13 13:00,USDC,FROM,0x2457f9e32d8f008c6095378772b8d6b52415eb05,3200.0
2023-04-16 18:00,USDC,FROM,0xb104c36540604bc406a4d8510b1b82d30b5cdb78,23315.25
2023-04-16 19:00,USDC,FROM,0x5b6b4af06798a8c85e8c5effd69b112623e97fd3,4000.0
2023-04-16 19:00,USDC,FROM,0x3154677b603c2b30810b46a56b46892aa09d60e2,6000.0
2023-04-17 10:00,USDC,FROM,0x9f2301960df3d3c97d891362d716f42e93d35d1e,810.0
2023-04-17 10:00,USDC,FROM,0xb104c36540604bc406a4d8510b1b82d30b5cdb78,2928.0
2023-04-17 10:00,USDC,FROM,0x9f2301960df3d3c97d891362d716f42e93d35d1e,400.0
2023-04-17 10:00,USDC,FROM,0x3154677b603c2b30810b46a56b46892aa09d60e2,1782.9
2023-04-17 10:00,USDC,FROM,0xe135ff5b6eaa5f7db2a53ef85aa18de3b969b7ee,1735.46
2023-04-17 10:00,USDC,FROM,0xd266d61ac22c2a2ac2dd832e79c14ea152c998d6,1033.04
2023-04-17 10:00,USDC,FROM,0x4a72907eeb02ff3e816fec0ca3356f45ba67d1ec,31689.0
2023-04-17 10:00,USDT,TO,0x4a72907eeb02ff3e816fec0ca3356f45ba67d1ec,31404.939448
2023-04-17 11:00,USDC,FROM,0x0c482919bbf8551c7be9b34e7e957f7183b5ba1e,3000.0
2023-04-17 14:00,USDT,FROM,0x7b464929a7c7c9f59335211a0f699667322b4f14,31553.73
2023-04-18 13:00,USDC,FROM,0x3d0d0fdc3f8f4cbd1628cab514ec66654f49917e,2554.4
2023-04-24 16:00,USDC,TO,0x75ff84530c0628485127c8501fad8a555307488c,100000.0
2023-05-02 07:00,USDC,FROM,0x3d0d0fdc3f8f4cbd1628cab514ec66654f49917e,17865.7
2023-05-05 07:00,USDC,FROM,0x4a72907eeb02ff3e816fec0ca3356f45ba67d1ec,23832.0
2023-05-09 06:00,USDT,TO,0x4a72907eeb02ff3e816fec0ca3356f45ba67d1ec,21632.682245
2023-05-09 10:00,USDC,FROM,0x4a72907eeb02ff3e816fec0ca3356f45ba67d1ec,2500.0
2023-05-09 11:00,USDC,FROM,0x3154677b603c2b30810b46a56b46892aa09d60e2,2060.0
2023-05-09 13:00,USDT,TO,0x4a72907eeb02ff3e816fec0ca3356f45ba67d1ec,1486.83229
2023-05-09 13:00,USDT,TO,0x4a72907eeb02ff3e816fec0ca3356f45ba67d1ec,203.126855
2023-05-09 13:00,USDT,FROM,0x7b464929a7c7c9f59335211a0f699667322b4f14,23830.0
2023-05-10 15:00,USDC,FROM,0xc87b0ce1a25d9cdca23190db091245774792edcd,5000.0
2023-05-14 10:00,USDC,FROM,0x3154677b603c2b30810b46a56b46892aa09d60e2,2000.0
2023-05-15 08:00,USDC,FROM,0x3f74981378e2b5153a7bfa9c64ebd7fb1cf20ad6,12300.0
2023-05-15 09:00,USDC,FROM,0x9b590df06a4be7aa7cd1a0cde72fa6c49abd6720,6000.0
2023-05-15 09:00,USDC,FROM,0xb104c36540604bc406a4d8510b1b82d30b5cdb78,1099.0
2023-05-15 14:00,USDC,FROM,0xb104c36540604bc406a4d8510b1b82d30b5cdb78,130.0
2023-05-16 11:00,USDC,FROM,0xb104c36540604bc406a4d8510b1b82d30b5cdb78,22825.59
2023-05-16 12:00,USDC,FROM,0x5b6b4af06798a8c85e8c5effd69b112623e97fd3,4000.0
2023-05-16 12:00,USDC,FROM,0x3154677b603c2b30810b46a56b46892aa09d60e2,6000.0
2023-05-17 08:00,USDC,FROM,0x0c482919bbf8551c7be9b34e7e957f7183b5ba1e,3000.0
2023-05-17 11:00,USDC,TO,0x75ff84530c0628485127c8501fad8a555307488c,100000.0
2023-05-17 11:00,USDC,FROM,0x3154677b603c2b30810b46a56b46892aa09d60e2,4000.0
2023-05-17 13:00,USDC,FROM,0xe64eeb89afc40293baf60f35efb40ad8dc5538c7,31500.0
2023-05-18 11:00,USDC,FROM,0x9f2301960df3d3c97d891362d716f42e93d35d1e,1000.0
2023-05-18 16:00,USDC,FROM,0xd19601dc9565b80863a6a52b5285ac212d36175c,500.0
2023-05-18 17:00,USDC,FROM,0x4a72907eeb02ff3e816fec0ca3356f45ba67d1ec,32622.3
2023-05-19 08:00,USDC,FROM,0xfd4843583fd52f7314f89a884be9b0cd304d486f,600.0
2023-05-19 13:00,USDT,TO,0x4a72907eeb02ff3e816fec0ca3356f45ba67d1ec,31717.776406
2023-05-19 16:00,USDT,FROM,0x7b464929a7c7c9f59335211a0f699667322b4f14,31691.15
2023-05-22 09:00,USDC,FROM,0xd19601dc9565b80863a6a52b5285ac212d36175c,3000.0
2023-05-23 06:00,USDC,FROM,0x3d0d0fdc3f8f4cbd1628cab514ec66654f49917e,2554.08
2023-05-23 07:00,USDC,FROM,0xd19601dc9565b80863a6a52b5285ac212d36175c,1000.0
2023-05-23 07:00,USDC,FROM,0xd19601dc9565b80863a6a52b5285ac212d36175c,1000.0
2023-05-23 07:00,USDC,FROM,0xd19601dc9565b80863a6a52b5285ac212d36175c,2500.0
2023-05-23 10:00,USDC,FROM,0xf5106a1a017e3ddd18f1f9310156bd4e7e02f29d,2000.0
2023-05-26 16:00,USDC,FROM,0xd19601dc9565b80863a6a52b5285ac212d36175c,6950.0
2023-05-30 08:00,USDC,FROM,0xc87b0ce1a25d9cdca23190db091245774792edcd,5000.0
2023-05-31 09:00,USDC,TO,0x75ff84530c0628485127c8501fad8a555307488c,100000.0
2023-06-01 11:00,USDC,FROM,0x4a72907eeb02ff3e816fec0ca3356f45ba67d1ec,22000.0
2023-06-03 10:00,USDC,FROM,0x3154677b603c2b30810b46a56b46892aa09d60e2,3855.0
2023-06-03 10:00,USDC,FROM,0xe135ff5b6eaa5f7db2a53ef85aa18de3b969b7ee,494.1
2023-06-04 18:00,USDC,FROM,0x57dc4f8d5fbc32e90553052009582865905769cf,250.0
2023-06-05 04:00,USDT,TO,0x4a72907eeb02ff3e816fec0ca3356f45ba67d1ec,21833.361797
2023-06-05 07:00,USDT,FROM,0x7b464929a7c7c9f59335211a0f699667322b4f14,20303.85
2023-06-13 08:00,USDC,FROM,0x0648b45bac6ddda74159789bfab3c30db9d8a3c5,4000.0
2023-06-15 09:00,USDC,FROM,0xb104c36540604bc406a4d8510b1b82d30b5cdb78,22830.93
2023-06-15 12:00,USDC,FROM,0xb104c36540604bc406a4d8510b1b82d30b5cdb78,865.0
2023-06-16 09:00,USDC,FROM,0x4a72907eeb02ff3e816fec0ca3356f45ba67d1ec,27462.0
2023-06-16 10:00,USDC,FROM,0x3154677b603c2b30810b46a56b46892aa09d60e2,10000.0
2023-06-16 10:00,USDC,FROM,0x0c482919bbf8551c7be9b34e7e957f7183b5ba1e,3000.0
2023-06-16 10:00,USDC,FROM,0x5b6b4af06798a8c85e8c5effd69b112623e97fd3,4000.0
2023-06-16 10:00,USDC,FROM,0x5b6b4af06798a8c85e8c5effd69b112623e97fd3,323.31
2023-06-16 10:00,USDC,FROM,0xb104c36540604bc406a4d8510b1b82d30b5cdb78,708.0
2023-06-16 10:00,USDT,TO,0x4a72907eeb02ff3e816fec0ca3356f45ba67d1ec,27259.668465
2023-06-16 10:00,USDT,FROM,0x7b464929a7c7c9f59335211a0f699667322b4f14,26749.34
2023-06-22 07:00,USDC,FROM,0x3d0d0fdc3f8f4cbd1628cab514ec66654f49917e,2625.86
2023-06-24 15:00,USDC,FROM,0xfd4843583fd52f7314f89a884be9b0cd304d486f,600.0
2023-06-27 13:00,USDC,TO,0x75ff84530c0628485127c8501fad8a555307488c,100000.0
2023-06-28 06:00,USDC,FROM,0x4a72907eeb02ff3e816fec0ca3356f45ba67d1ec,25614.0
2023-06-28 07:00,USDT,TO,0x4a72907eeb02ff3e816fec0ca3356f45ba67d1ec,25393.504975
2023-06-28 08:00,USDT,FROM,0x7b464929a7c7c9f59335211a0f699667322b4f14,25620.0
2023-07-07 03:00,USDC,FROM,0x9f2301960df3d3c97d891362d716f42e93d35d1e,950.0
2023-07-09 05:00,USDC,FROM,0xc87b0ce1a25d9cdca23190db091245774792edcd,5000.0
2023-07-12 08:00,USDC,FROM,0x4a72907eeb02ff3e816fec0ca3356f45ba67d1ec,26711.05
2023-07-12 08:00,USDT,TO,0x4a72907eeb02ff3e816fec0ca3356f45ba67d1ec,26482.302758
2023-07-12 08:00,USDT,FROM,0x7b464929a7c7c9f59335211a0f699667322b4f14,26711.0
2023-07-14 11:00,USDC,FROM,0xb104c36540604bc406a4d8510b1b82d30b5cdb78,23558.12
2023-07-14 11:00,USDC,FROM,0x5b6b4af06798a8c85e8c5effd69b112623e97fd3,4000.0
2023-07-14 11:00,USDC,FROM,0x3154677b603c2b30810b46a56b46892aa09d60e2,10000.0
2023-07-14 12:00,USDC,FROM,0xb104c36540604bc406a4d8510b1b82d30b5cdb78,899.0
2023-07-14 12:00,USDC,FROM,0x5b6b4af06798a8c85e8c5effd69b112623e97fd3,93.84
2023-07-21 07:00,USDC,FROM,0xfd4843583fd52f7314f89a884be9b0cd304d486f,600.0
2023-07-24 08:00,USDC,FROM,0x3d0d0fdc3f8f4cbd1628cab514ec66654f49917e,2651.73
2023-07-24 09:00,USDC,TO,0x75ff84530c0628485127c8501fad8a555307488c,100000.0
2023-07-24 09:00,USDC,FROM,0x9f2301960df3d3c97d891362d716f42e93d35d1e,1880.0
2023-07-28 08:00,USDC,FROM,0x4a72907eeb02ff3e816fec0ca3356f45ba67d1ec,32518.04
2023-07-28 08:00,USDT,TO,0x4a72907eeb02ff3e816fec0ca3356f45ba67d1ec,32260.667061
2023-07-28 17:00,USDT,FROM,0x7b464929a7c7c9f59335211a0f699667322b4f14,32487.51
2023-08-01 06:00,USDC,FROM,0xb104c36540604bc406a4d8510b1b82d30b5cdb78,1262.0
2023-08-07 13:00,USDC,FROM,0xb104c36540604bc406a4d8510b1b82d30b5cdb78,1352.0
2023-08-11 07:00,USDC,FROM,0x4a72907eeb02ff3e816fec0ca3356f45ba67d1ec,36071.23
2023-08-11 07:00,USDC,FROM,0xb104c36540604bc406a4d8510b1b82d30b5cdb78,1371.0
2023-08-11 09:00,USDT,TO,0x4a72907eeb02ff3e816fec0ca3356f45ba67d1ec,35802.873741
2023-08-11 09:00,USDT,FROM,0x7b464929a7c7c9f59335211a0f699667322b4f14,36064.17
2023-08-17 07:00,USDC,FROM,0x3d0d0fdc3f8f4cbd1628cab514ec66654f49917e,22925.0
2023-08-17 07:00,USDC,FROM,0x5b6b4af06798a8c85e8c5effd69b112623e97fd3,4000.0
2023-08-17 08:00,USDC,FROM,0x3b47469b17206008a3e23c2a49539ea32f3435ab,341.47
2023-08-17 09:00,USDC,TO,0x75ff84530c0628485127c8501fad8a555307488c,100000.0
2023-08-20 08:00,USDC,FROM,0xe135ff5b6eaa5f7db2a53ef85aa18de3b969b7ee,2000.0
2023-08-22 08:00,USDC,FROM,0x3d0d0fdc3f8f4cbd1628cab514ec66654f49917e,2626.55
2023-08-23 07:00,USDC,FROM,0x4a72907eeb02ff3e816fec0ca3356f45ba67d1ec,33872.9
2023-08-23 07:00,USDC,FROM,0x302f1ec46029a00457b1929c1aa5610471e9c682,2634.54
2023-08-23 08:00,USDT,TO,0x4a72907eeb02ff3e816fec0ca3356f45ba67d1ec,33875.75426
2023-08-23 09:00,USDT,FROM,0x7b464929a7c7c9f59335211a0f699667322b4f14,33872.9
2023-08-29 07:00,USDC,FROM,0xb104c36540604bc406a4d8510b1b82d30b5cdb78,1309.0
2023-08-30 03:00,USDC,FROM,0x135f3db9b0b4631a371157949f9e4ff590c0ca4f,2500.0
2023-08-31 08:00,USDC,FROM,0x9f2301960df3d3c97d891362d716f42e93d35d1e,1170.0
2023-09-04 09:00,USDC,FROM,0x3d0d0fdc3f8f4cbd1628cab514ec66654f49917e,616.25
2023-09-04 09:00,USDC,FROM,0x5b6b4af06798a8c85e8c5effd69b112623e97fd3,198.01
2023-09-05 11:00,USDC,FROM,0x7597bb5729f75826af781ee1b9c29764ff9f2778,3000.0
2023-09-05 11:00,USDC,FROM,0xe135ff5b6eaa5f7db2a53ef85aa18de3b969b7ee,2111.58
2023-09-08 12:00,USDC,FROM,0x4a72907eeb02ff3e816fec0ca3356f45ba67d1ec,35613.96
2023-09-08 14:00,USDT,TO,0x4a72907eeb02ff3e816fec0ca3356f45ba67d1ec,35624.256616
2023-09-08 14:00,USDT,FROM,0x7b464929a7c7c9f59335211a0f699667322b4f14,35613.96
2023-09-08 15:00,USDC,FROM,0xb104c36540604bc406a4d8510b1b82d30b5cdb78,2843.0
2023-09-12 07:00,USDC,FROM,0x7597bb5729f75826af781ee1b9c29764ff9f2778,5000.0
2023-09-12 07:00,USDC,FROM,0x3c376bedfa5cc1df4082960266f2ea788677d54c,5000.0
2023-09-12 08:00,USDC,TO,0x75ff84530c0628485127c8501fad8a555307488c,100000.0
2023-09-12 08:00,USDC,FROM,0xda9cacdfac4534c40b6871c43310514abdda606b,5000.0
2023-09-12 08:00,USDC,FROM,0xbc4ba1889f79b82ad673776f27cea1c478e761fd,5000.0
2023-09-13 08:00,USDC,FROM,0x4a72907eeb02ff3e816fec0ca3356f45ba67d1ec,10000.0
2023-09-15 13:00,USDC,FROM,0xb104c36540604bc406a4d8510b1b82d30b5cdb78,22394.92
2023-09-15 13:00,USDC,FROM,0x3154677b603c2b30810b46a56b46892aa09d60e2,10000.0
2023-09-15 13:00,USDC,FROM,0x5b6b4af06798a8c85e8c5effd69b112623e97fd3,4000.0
2023-09-16 07:00,USDC,FROM,0xac7cedfcc01ccae1004c3b42120705ced2252615,9032.26
2023-09-16 07:00,USDC,FROM,0x21516572cf3c12054f9e612788b20bea1a6bfa0a,6000.0
2023-09-20 07:00,USDC,FROM,0x3b47469b17206008a3e23c2a49539ea32f3435ab,569.0
2023-09-22 04:00,USDC,FROM,0x4a72907eeb02ff3e816fec0ca3356f45ba67d1ec,25000.0
2023-09-22 04:00,USDT,TO,0x4a72907eeb02ff3e816fec0ca3356f45ba67d1ec,31324.303451
2023-09-22 06:00,USDC,FROM,0xb104c36540604bc406a4d8510b1b82d30b5cdb78,2987.0
2023-09-22 06:00,USDC,FROM,0x4a72907eeb02ff3e816fec0ca3356f45ba67d1ec,3000.0
2023-09-22 11:00,USDT,TO,0x4a72907eeb02ff3e816fec0ca3356f45ba67d1ec,4580.838006
2023-09-22 12:00,USDT,FROM,0x7b464929a7c7c9f59335211a0f699667322b4f14,36016.43
2023-09-26 12:00,USDC,TO,0x75ff84530c0628485127c8501fad8a555307488c,100000.0
2023-09-26 16:00,USDC,FROM,0x302f1ec46029a00457b1929c1aa5610471e9c682,2570.75
2023-09-28 07:00,USDC,FROM,0x3c376bedfa5cc1df4082960266f2ea788677d54c,60000.0
2023-09-28 09:00,USDC,FROM,0x4a72907eeb02ff3e816fec0ca3356f45ba67d1ec,2000.0
2023-10-15 12:00,USDC,FROM,0x4a72907eeb02ff3e816fec0ca3356f45ba67d1ec,34433.22
2023-10-15 12:00,USDC,TO,0x75ff84530c0628485127c8501fad8a555307488c,140000.0
2023-10-15 12:00,USDC,FROM,0xb104c36540604bc406a4d8510b1b82d30b5cdb78,22076.25
2023-10-15 12:00,USDC,FROM,0x21516572cf3c12054f9e612788b20bea1a6bfa0a,6000.0
2023-10-15 16:00,USDC,FROM,0xac7cedfcc01ccae1004c3b42120705ced2252615,4727.0
2023-10-15 16:00,USDC,FROM,0x5b6b4af06798a8c85e8c5effd69b112623e97fd3,4000.0
2023-10-15 16:00,USDC,FROM,0x3154677b603c2b30810b46a56b46892aa09d60e2,5000.0
2023-10-17 15:00,USDC,FROM,0x4a72907eeb02ff3e816fec0ca3356f45ba67d1ec,55812.51
2023-10-17 16:00,USDC,TO,0x4a72907eeb02ff3e816fec0ca3356f45ba67d1ec,34407.52
2023-10-17 16:00,USDT,TO,0x4a72907eeb02ff3e816fec0ca3356f45ba67d1ec,55801.22987
2023-10-17 16:00,USDT,FROM,0x7b464929a7c7c9f59335211a0f699667322b4f14,23919.52
2023-10-17 16:00,USDT,FROM,0x7b464929a7c7c9f59335211a0f699667322b4f14,31892.69
2023-10-19 12:00,USDC,FROM,0xd19601dc9565b80863a6a52b5285ac212d36175c,750.0
2023-10-20 10:00,USDC,FROM,0x895488ae3954eaee24a841fec40a30f6627c622e,20868.56
2023-10-20 14:00,USDC,FROM,0x8726720d256eb1bbf75a572661a10cc90dc96c06,200.0
2023-10-25 10:00,USDC,FROM,0xeb6e24137bfb7fb18f8334c956c543a23bba3e89,100.0
2023-10-25 10:00,USDC,FROM,0xe135ff5b6eaa5f7db2a53ef85aa18de3b969b7ee,150.15
2023-11-08 12:00,USDT,TO,0x75ff84530c0628485127c8501fad8a555307488c,100000.0
2023-11-08 14:00,USDC,FROM,0xb104c36540604bc406a4d8510b1b82d30b5cdb78,1721.0
2023-11-09 02:00,USDT,FROM,0x7b464929a7c7c9f59335211a0f699667322b4f14,34954.92
2023-11-09 03:00,USDT,FROM,0x7b464929a7c7c9f59335211a0f699667322b4f14,36064.6
2023-11-09 14:00,USDC,FROM,0x34cfcb4f17aebed12260ed9ee51a57582f28b840,26517.59
2023-11-15 06:00,USDC,FROM,0xb104c36540604bc406a4d8510b1b82d30b5cdb78,22831.82
2023-11-15 06:00,USDT,FROM,0x21516572cf3c12054f9e612788b20bea1a6bfa0a,6000.0
2023-11-15 06:00,USDT,FROM,0x5b6b4af06798a8c85e8c5effd69b112623e97fd3,4000.0
2023-11-15 11:00,USDC,TO,0x75ff84530c0628485127c8501fad8a555307488c,100000.0
2023-11-15 11:00,USDT,FROM,0x3154677b603c2b30810b46a56b46892aa09d60e2,10000.0
2023-11-15 12:00,USDT,FROM,0xc7487391e49d093ec15e31142e05e67aa1f2ca83,500.0
2023-11-15 17:00,USDC,FROM,0xf57756b54acb08475251a2f428141056c15531ac,57960.0
2023-11-18 14:00,USDC,FROM,0x5b6b4af06798a8c85e8c5effd69b112623e97fd3,3527.0
2023-11-27 11:00,USDC,FROM,0x34cfcb4f17aebed12260ed9ee51a57582f28b840,20000.0
2023-12-01 15:00,USDT,TO,0x75ff84530c0628485127c8501fad8a555307488c,100000.0
2023-12-04 09:00,USDT,FROM,0x7b464929a7c7c9f59335211a0f699667322b4f14,29859.16
2023-12-04 09:00,USDT,FROM,0x7b464929a7c7c9f59335211a0f699667322b4f14,35492.96
2023-12-05 13:00,USDC,FROM,0x9f2301960df3d3c97d891362d716f42e93d35d1e,2415.0
2023-12-06 09:00,USDC,FROM,0xa4151ea9b0d9b748760f9ba358c62a91bd061e54,739.5
2023-12-13 15:00,USDC,FROM,0xe7920446d1abe5660ea48e85bc49f3f0b34be22b,100.0
2023-12-13 15:00,USDC,TO,0xe792f7a9c23841207c306b65ae165192e837e22b,1.0
2023-12-13 18:00,USDT,FROM,0x0f6889f7de048f0c913e919cbe8e7aa4a55c48b1,1125.0
2023-12-14 11:00,USDT,FROM,0xb104c36540604bc406a4d8510b1b82d30b5cdb78,22919.29
2023-12-15 11:00,USDC,FROM,0x3154677b603c2b30810b46a56b46892aa09d60e2,10000.0
2023-12-15 11:00,USDC,FROM,0x21516572cf3c12054f9e612788b20bea1a6bfa0a,6000.0
2023-12-15 11:00,USDT,FROM,0x5b6b4af06798a8c85e8c5effd69b112623e97fd3,4000.0
2023-12-15 11:00,USDT,TO,0x75ff84530c0628485127c8501fad8a555307488c,100000.0
2023-12-16 09:00,USDC,FROM,0x1c32b1ccf751b64ec4e9cb34a52b6aa97183ac96,163.0
2023-12-16 09:00,USDT,FROM,0x9886e1f4161b673da0ccc37bb5eefdc46e3a4968,20000.0
2023-12-16 09:00,USDT,TO,0x9886c5f4d6d1125550cec02e91afb0637f8a4968,2.0001
2023-12-16 14:00,USDC,FROM,0x111d8287df8d15ad3765704babb9ba5a028d82de,1200.0
2023-12-16 14:00,USDC,FROM,0x7a46020e959cf97f2adc891cc0ed088a0c166527,1066.67
2023-12-18 11:00,USDT,FROM,0x4a72907eeb02ff3e816fec0ca3356f45ba67d1ec,200.0
2023-12-18 15:00,USDT,FROM,0x7b464929a7c7c9f59335211a0f699667322b4f14,37756.5
2023-12-24 10:00,USDC,FROM,0xe7920446d1abe5660ea48e85bc49f3f0b34be22b,200.0
2023-12-29 12:00,USDT,FROM,0x0f6889f7de048f0c913e919cbe8e7aa4a55c48b1,562.5
2024-01-08 12:00,USDT,FROM,0x0f6889f7de048f0c913e919cbe8e7aa4a55c48b1,2500.0
2024-01-10 13:00,USDT,FROM,0x7b464929a7c7c9f59335211a0f699667322b4f14,34715.16
2024-01-10 15:00,USDC,FROM,0xe7920446d1abe5660ea48e85bc49f3f0b34be22b,200.0
2024-01-10 15:00,USDT,TO,0x75ff84530c0628485127c8501fad8a555307488c,100000.0
2024-01-10 16:00,USDT,FROM,0x7b464929a7c7c9f59335211a0f699667322b4f14,32933.3
2024-01-15 07:00,USDT,FROM,0xb104c36540604bc406a4d8510b1b82d30b5cdb78,23020.96
2024-01-15 07:00,USDT,FROM,0x3154677b603c2b30810b46a56b46892aa09d60e2,10000.0
2024-01-15 08:00,USDT,FROM,0x21516572cf3c12054f9e612788b20bea1a6bfa0a,6000.0
2024-01-15 08:00,USDT,FROM,0x5b6b4af06798a8c85e8c5effd69b112623e97fd3,4000.0
2024-01-15 08:00,USDT,FROM,0x7a46020e959cf97f2adc891cc0ed088a0c166527,4000.0
2024-01-15 08:00,USDT,FROM,0x9886e1f4161b673da0ccc37bb5eefdc46e3a4968,35236.32
2024-01-22 09:00,USDT,FROM,0xe5ea222c37cd23f37c6f35c51d2c008479ea1bc2,552.24
2024-01-22 13:00,USDT,TO,0x75ff84530c0628485127c8501fad8a555307488c,100000.0
2024-01-22 18:00,USDT,FROM,0x7b464929a7c7c9f59335211a0f699667322b4f14,42810.0
2024-01-25 15:00,USDC,FROM,0xa8af16b8b3ce58dc077b1bd89ce0cbd1d42a553d,500.0
2024-01-25 15:00,USDT,FROM,0x7b464929a7c7c9f59335211a0f699667322b4f14,20597.41
2024-01-26 11:00,USDC,FROM,0xe7920446d1abe5660ea48e85bc49f3f0b34be22b,200.0
2024-01-26 12:00,USDT,FROM,0x0f6889f7de048f0c913e919cbe8e7aa4a55c48b1,2500.0
2024-01-29 14:00,USDT,FROM,0xef5d933c01044480442b431a7453d7dce699a8e9,5500.0
2024-02-05 16:00,USDT,TO,0x75ff84530c0628485127c8501fad8a555307488c,100000.0
2024-02-05 18:00,USDT,FROM,0x7b464929a7c7c9f59335211a0f699667322b4f14,46323.11
2024-02-07 15:00,USDT,FROM,0x302f1ec46029a00457b1929c1aa5610471e9c682,2613.84
2024-02-08 14:00,USDT,FROM,0xef3c53677db25c346f3b3a1106e1bfa92798e70e,10500.0
2024-02-09 14:00,USDT,FROM,0xe159c80850fba5d34a34a9f18bed089d3c1be929,5000.0
2024-02-09 15:00,USDT,FROM,0x4a72907eeb02ff3e816fec0ca3356f45ba67d1ec,250.0
2024-02-14 08:00,USDT,FROM,0xb104c36540604bc406a4d8510b1b82d30b5cdb78,22479.03
2024-02-15 10:00,USDT,FROM,0x3154677b603c2b30810b46a56b46892aa09d60e2,10000.0
2024-02-15 10:00,USDT,FROM,0x21516572cf3c12054f9e612788b20bea1a6bfa0a,6000.0
2024-02-15 11:00,USDT,FROM,0x7a46020e959cf97f2adc891cc0ed088a0c166527,4000.0
2024-02-15 11:00,USDT,FROM,0x5b6b4af06798a8c85e8c5effd69b112623e97fd3,4000.0
2024-02-15 14:00,USDT,FROM,0x0f6889f7de048f0c913e919cbe8e7aa4a55c48b1,5000.0
2024-02-16 07:00,USDT,TO,0x75ff84530c0628485127c8501fad8a555307488c,31710.57
2024-02-16 13:00,USDT,FROM,0x9886e1f4161b673da0ccc37bb5eefdc46e3a4968,31710.57
2024-02-21 08:00,USDT,FROM,0xf17d2319d5434899649620cd5264c3c1769d7b00,735.46
2024-02-26 10:00,USDT,TO,0x75ff84530c0628485127c8501fad8a555307488c,100000.0
2024-02-26 12:00,USDT,FROM,0x7b464929a7c7c9f59335211a0f699667322b4f14,44737.67
2024-02-27 10:00,USDT,FROM,0xf2d414978fa3b4e65d8b936624fa7cbb568d30ee,3000.0
2024-02-28 09:00,USDT,FROM,0x3154677b603c2b30810b46a56b46892aa09d60e2,1220.0
2024-02-28 13:00,USDC,FROM,0x3154677b603c2b30810b46a56b46892aa09d60e2,250.0
2024-03-01 13:00,USDT,FROM,0x302f1ec46029a00457b1929c1aa5610471e9c682,4275.8
2024-03-01 13:00,USDT,FROM,0x302f1ec46029a00457b1929c1aa5610471e9c682,1574.5
2024-03-03 08:00,USDT,FROM,0x9886e1f4161b673da0ccc37bb5eefdc46e3a4968,36413.38
2024-03-05 07:00,USDT,FROM,0xbfbcdda6123acd840a8dc17204cf4096676f257e,6000.0
2024-03-06 09:00,USDT,TO,0x75ff84530c0628485127c8501fad8a555307488c,99225.0
2024-03-07 15:00,USDT,FROM,0x7b464929a7c7c9f59335211a0f699667322b4f14,54726.37
2024-03-10 15:00,USDT,FROM,0xb104c36540604bc406a4d8510b1b82d30b5cdb78,816.02
2024-03-14 11:00,USDT,FROM,0xe159c80850fba5d34a34a9f18bed089d3c1be929,30640.0
2024-03-15 07:00,USDC,TO,0x75ff84530c0628485127c8501fad8a555307488c,100000.0
2024-03-15 08:00,USDC,FROM,0xb104c36540604bc406a4d8510b1b82d30b5cdb78,22852.3
2024-03-15 08:00,USDC,FROM,0x21516572cf3c12054f9e612788b20bea1a6bfa0a,6000.0
2024-03-15 08:00,USDC,FROM,0x7a46020e959cf97f2adc891cc0ed088a0c166527,1000.0
2024-03-15 08:00,USDC,FROM,0x3154677b603c2b30810b46a56b46892aa09d60e2,10000.0
2024-03-15 08:00,USDC,FROM,0xfd4843583fd52f7314f89a884be9b0cd304d486f,1000.0
2024-03-15 08:00,USDC,FROM,0x0f6889f7de048f0c913e919cbe8e7aa4a55c48b1,5000.0
2024-03-15 08:00,USDC,FROM,0xbc9fddebc8fcbed2d52995864dcee56a368da63d,4000.0
2024-03-20 13:00,USDC,FROM,0xfd4843583fd52f7314f89a884be9b0cd304d486f,500.0
2024-03-25 14:00,USDC,FROM,0x4a72907eeb02ff3e816fec0ca3356f45ba67d1ec,13600.0
2024-03-25 14:00,USDC,FROM,0x64af2e98ccf554f66864b30acb8cdb17e64037e7,1844.0
2024-03-25 14:00,USDC,FROM,0x21516572cf3c12054f9e612788b20bea1a6bfa0a,443.12
2024-03-25 14:00,USDC,FROM,0xb104c36540604bc406a4d8510b1b82d30b5cdb78,1089.0
2024-03-25 15:00,USDT,TO,0x4a72907eeb02ff3e816fec0ca3356f45ba67d1ec,12958.761168
2024-03-27 08:00,USDT,FROM,0x7b464929a7c7c9f59335211a0f699667322b4f14,45000.0
2024-03-27 13:00,USDC,FROM,0x3274e7e388bbb0cc0f4529c477334340f03edfdc,2000.0
2024-03-29 08:00,USDT,TO,0x4a72907eeb02ff3e816fec0ca3356f45ba67d1ec,89137.935908
2024-03-30 10:00,USDC,FROM,0x0f6889f7de048f0c913e919cbe8e7aa4a55c48b1,1000.0
2024-04-02 11:00,USDC,FROM,0x9886e1f4161b673da0ccc37bb5eefdc46e3a4968,20000.0
2024-04-03 14:00,USDT,FROM,0x7b464929a7c7c9f59335211a0f699667322b4f14,38966.81
2024-04-04 11:00,USDC,TO,0x4622c858deceda4d28a0fadf5e6ac17826aa73a4,1650.0
2024-04-08 13:00,USDC,FROM,0xb104c36540604bc406a4d8510b1b82d30b5cdb78,762.0
2024-04-15 12:00,USDC,TO,0x75ff84530c0628485127c8501fad8a555307488c,100000.0
2024-04-15 13:00,USDC,TO,0x4a72907eeb02ff3e816fec0ca3356f45ba67d1ec,3543.749883
2024-04-15 14:00,USDC,FROM,0xb104c36540604bc406a4d8510b1b82d30b5cdb78,22373.97
2024-04-15 14:00,USDC,FROM,0x3154677b603c2b30810b46a56b46892aa09d60e2,10000.0
2024-04-15 14:00,USDC,FROM,0x21516572cf3c12054f9e612788b20bea1a6bfa0a,6000.0
2024-04-15 14:00,USDC,FROM,0x0f6889f7de048f0c913e919cbe8e7aa4a55c48b1,5000.0
2024-04-15 14:00,USDC,FROM,0xcf52c5cbf5bc68f9505c028e994a277d0bc1b23b,3000.0
2024-04-15 14:00,USDC,FROM,0x2305a370e186a87f3dffd08c9a0b1f31e9520249,1167.67
2024-04-15 14:00,USDC,FROM,0x5b6b4af06798a8c85e8c5effd69b112623e97fd3,4000.0
2024-04-15 14:00,USDC,FROM,0xcf52c5cbf5bc68f9505c028e994a277d0bc1b23b,429.0
2024-04-16 04:00,USDC,FROM,0xbfbcdda6123acd840a8dc17204cf4096676f257e,20000.0
2024-04-23 09:00,USDC,FROM,0x302f1ec46029a00457b1929c1aa5610471e9c682,3323.77
2024-04-23 10:00,USDC,TO,0x05cdb1526f6e224e02919a4c018d9784ea25eb3d,1000.0
2024-04-23 13:00,USDC,FROM,0x4a72907eeb02ff3e816fec0ca3356f45ba67d1ec,2000.0
2024-04-23 14:00,USDT,FROM,0x7b464929a7c7c9f59335211a0f699667322b4f14,43790.29
2024-04-24 05:00,USDC,FROM,0xa4151ea9b0d9b748760f9ba358c62a91bd061e54,1473.29
2024-04-24 05:00,USDC,FROM,0x4622c858deceda4d28a0fadf5e6ac17826aa73a4,2535.54
2024-04-30 10:00,USDC,FROM,0xb104c36540604bc406a4d8510b1b82d30b5cdb78,2032.0
2024-05-06 05:00,USDC,FROM,0x76f13c4af0b605b4d5de9f8739436a68255ddf33,2850.0
2024-05-07 16:00,USDT,TO,0x75ff84530c0628485127c8501fad8a555307488c,33500.0
2024-05-08 06:00,USDT,FROM,0x7b464929a7c7c9f59335211a0f699667322b4f14,34020.46
2024-05-08 08:00,USDC,FROM,0x4a72907eeb02ff3e816fec0ca3356f45ba67d1ec,3052.0
2024-05-08 12:00,USDT,FROM,0x4a72907eeb02ff3e816fec0ca3356f45ba67d1ec,3000.0
2024-05-08 13:00,USDC,FROM,0xbf3de3a73b0265db7e123a219dc1460e1d4e6f15,9000.0
2024-05-08 13:00,USDC,FROM,0x9886e1f4161b673da0ccc37bb5eefdc46e3a4968,15000.0
2024-05-11 11:00,USDC,TO,0x75ff84530c0628485127c8501fad8a555307488c,100000.0
2024-05-11 14:00,USDT,FROM,0x77763143b15b916cf6d9851a07009a547ebb21c0,1080.0
2024-05-12 10:00,USDC,FROM,0xee2ef18379fe73302793ebf2929c6176b78723a6,3000.0
2024-05-13 08:00,USDC,FROM,0x4d924e53068a643b0873cdb36a15a7f522648088,6650.0
2024-05-14 17:00,USDC,FROM,0x4b85f34abc79c3fb2c82c4c84c1bf1adbcee2de4,5000.0
2024-05-15 11:00,USDC,FROM,0xb104c36540604bc406a4d8510b1b82d30b5cdb78,22741.53
2024-05-15 11:00,USDC,FROM,0x21516572cf3c12054f9e612788b20bea1a6bfa0a,6000.0
2024-05-15 11:00,USDC,FROM,0x2305a370e186a87f3dffd08c9a0b1f31e9520249,5000.0
2024-05-15 11:00,USDC,FROM,0xcf52c5cbf5bc68f9505c028e994a277d0bc1b23b,3000.0
2024-05-15 11:00,USDC,FROM,0x0f6889f7de048f0c913e919cbe8e7aa4a55c48b1,5000.0
2024-05-15 11:00,USDC,FROM,0x5b6b4af06798a8c85e8c5effd69b112623e97fd3,4000.0
2024-05-19 14:00,USDC,FROM,0xcf52c5cbf5bc68f9505c028e994a277d0bc1b23b,3000.0
2024-05-21 12:00,USDC,FROM,0x96483e41a8cb640bb64eaecf8326ecd9acf7bf93,2000.0
2024-05-23 08:00,USDC,TO,0x75ff84530c0628485127c8501fad8a555307488c,100000.0
2024-05-23 08:00,USDC,FROM,0x302f1ec46029a00457b1929c1aa5610471e9c682,3607.93
2024-05-23 08:00,USDC,FROM,0x4a72907eeb02ff3e816fec0ca3356f45ba67d1ec,46466.25
2024-05-23 08:00,USDC,FROM,0x8e4bdeec7ceb9570d440676345da1dce10329f5b,5000.0
2024-05-28 11:00,USDC,FROM,0x85ff339d884ff56ba642fd6f91d084a133388759,10.0
2024-05-28 11:00,USDC,TO,0x85ffadde3ba0e1b5263b01f714a7c10692de8759,10.0
2024-05-28 11:00,USDC,FROM,0x85ff339d884ff56ba642fd6f91d084a133388759,79990.0
2024-05-29 09:00,USDC,TO,0x555ce236c0220695b68341bc48c68d52210cc35b,159818.738393
2024-05-29 09:00,USDC,FROM,0x955dcfe0104a63c2457a69a63a18ab9fb17163bf,59990.0
2024-05-29 09:00,USDC,FROM,0x0d0707963952f2fba59dd06f2b425ace40b492fe,99990.0
2024-05-29 10:00,USDC,TO,0x555ce236c0220695b68341bc48c68d52210cc35b,449623.936982
2024-05-29 10:00,USDC,FROM,0x85ff339d884ff56ba642fd6f91d084a133388759,10.0
2024-05-29 10:00,USDC,TO,0x85ffb7c6e0e2c1056d26de4f84647697036e8759,10.0
2024-05-29 10:00,USDC,FROM,0x54ed87d2e83fce80b8717f11c84005144a2796d1,10.0
2024-05-29 10:00,USDC,FROM,0x85ff339d884ff56ba642fd6f91d084a133388759,10.0
2024-05-29 10:00,USDC,FROM,0xdaa3435c841dc490834f04abf5a90da461c7c4e2,10.0
2024-05-29 10:00,USDC,TO,0xdaa3e2c6b546db33cdb63fc09909cea2970cc4e2,10.0
2024-05-29 10:00,USDC,TO,0xdaa31c94ee1e9281de885fc7851dce9541bac4e2,10.0
2024-05-29 11:00,USDC,TO,0xdaa39c5a21636717ad7ab00e1175849a6b33c4e2,10.0
2024-05-29 11:00,USDC,TO,0xdaa363487b7bf34649d27f6291a60659fe3cc4e2,10.0
2024-05-29 11:00,USDC,TO,0xdaa3698f04d4e665a5d2048797c901dc3ecec4e2,10.0
2024-05-29 11:00,USDC,TO,0xdaa3ad36603ab814a93cf8fa271621cbe53bc4e2,10.0
2024-05-29 11:00,USDC,TO,0xdaa328774101c4254050bb9af6cac3d27368c4e2,10.0
2024-05-29 11:00,USDC,TO,0xdaa37405c1f1bb3d13bdd5a1fa044cff7999c4e2,10.0
2024-05-29 11:00,USDC,FROM,0x54ed87d2e83fce80b8717f11c84005144a2796d1,74990.0
2024-05-29 11:00,USDC,FROM,0xdaa3435c841dc490834f04abf5a90da461c7c4e2,149990.0
2024-05-29 11:00,USDC,FROM,0x85ff339d884ff56ba642fd6f91d084a133388759,224990.0
2024-05-31 07:00,USDC,TO,0x75ff84530c0628485127c8501fad8a555307488c,1059.55
2024-05-31 07:00,USDT,TO,0x75ff84530c0628485127c8501fad8a555307488c,25010.927832
2024-05-31 07:00,USDT,FROM,0xbb0da4daa713b1354d1df8a38e93c3b0d568a2c4,10000.0
2024-05-31 12:00,USDT,FROM,0x178697ff489b390526c636dca1acca30d63c5c67,4050.0
2024-06-07 08:00,USDT,TO,0x663dc15d3c1ac63ff12e45ab68fea3f0a883c251,139808.035066
2024-06-07 11:00,USDC,FROM,0x70329444f2b33881d5de53a7af51f2485143ed3f,135.0
2024-06-07 12:00,USDT,FROM,0x84f19939ed43949bef844112ff4dfb047a38c8d4,50000.0
2024-06-10 09:00,USDT,FROM,0x6a955df8f99d2a3054f9e270658b8f4bf4fdde08,10.0
2024-06-10 09:00,USDT,TO,0x6a95e95cfa1be6c4890f785afabaa21771acde08,10.0
2024-06-10 12:00,USDT,FROM,0x6a955df8f99d2a3054f9e270658b8f4bf4fdde08,89990.0
2024-06-11 16:00,USDT,FROM,0x53bb01379c7e6f74655d603916c272a13bf33757,2700.0
2024-06-13 08:00,USDT,FROM,0xde16946aec0ed6826ca457b3e76de4c1d49087c4,5000.0
2024-06-13 08:00,USDT,FROM,0x0f6889f7de048f0c913e919cbe8e7aa4a55c48b1,120.0
2024-06-13 19:00,USDT,FROM,0x4a72907eeb02ff3e816fec0ca3356f45ba67d1ec,4000.0
2024-06-14 10:00,USDC,TO,0x555ce236c0220695b68341bc48c68d52210cc35b,101069.430985
2024-06-14 11:00,USDC,FROM,0xb104c36540604bc406a4d8510b1b82d30b5cdb78,22467.37
2024-06-14 11:00,USDC,FROM,0x21516572cf3c12054f9e612788b20bea1a6bfa0a,6000.0
2024-06-14 11:00,USDC,FROM,0x2305a370e186a87f3dffd08c9a0b1f31e9520249,5000.0
2024-06-14 11:00,USDC,FROM,0xcf52c5cbf5bc68f9505c028e994a277d0bc1b23b,3000.0
2024-06-14 11:00,USDC,FROM,0x0f6889f7de048f0c913e919cbe8e7aa4a55c48b1,5000.0
2024-06-14 11:00,USDC,FROM,0x5b6b4af06798a8c85e8c5effd69b112623e97fd3,4000.0
2024-06-17 11:00,USDC,FROM,0x348834d07fbb97e2b73fb4619a26abf592080e27,50000.0
2024-06-20 07:00,USDC,TO,0x555ce236c0220695b68341bc48c68d52210cc35b,60311.721848
2024-06-20 10:00,USDC,FROM,0x77763143b15b916cf6d9851a07009a547ebb21c0,1350.0
2024-06-20 10:00,USDC,FROM,0x9886e1f4161b673da0ccc37bb5eefdc46e3a4968,11055.87
2024-06-24 11:00,USDC,FROM,0x24c254e27b7d5a73e40059f331a0042c0da0b176,10000.0
2024-06-28 14:00,USDC,FROM,0x4b85f34abc79c3fb2c82c4c84c1bf1adbcee2de4,2000.0
2024-06-29 15:00,USDC,FROM,0x8e4bdeec7ceb9570d440676345da1dce10329f5b,2500.0
2024-06-29 15:00,USDC,FROM,0x8340ab646553afb706f2eaaf839c548eb71accae,4000.0
2024-07-01 10:00,USDT,TO,0x83c41363cbee0081dab75cb841fa24f3db46627e,1379.00064
2024-07-03 10:00,USDT,FROM,0x7239cb01168759a8ba706264aa0a03bba54db7f5,400.0
2024-07-10 10:00,USDC,FROM,0xb104c36540604bc406a4d8510b1b82d30b5cdb78,640.0
2024-07-10 10:00,USDT,FROM,0x7239cb01168759a8ba706264aa0a03bba54db7f5,1000.0
2024-07-10 16:00,USDC,TO,0x4a72907eeb02ff3e816fec0ca3356f45ba67d1ec,149922.525148
2024-07-10 16:00,USDC,FROM,0x9008d19f58aabd9ed0d60971565aa8510560ab41,40000.0
2024-07-10 16:00,USDT,TO,0x9008d19f58aabd9ed0d60971565aa8510560ab41,39955.916105
2024-07-10 17:00,USDT,FROM,0x7b464929a7c7c9f59335211a0f699667322b4f14,39908.0
2024-07-15 09:00,USDC,FROM,0x9886e1f4161b673da0ccc37bb5eefdc46e3a4968,12739.76
2024-07-15 10:00,USDC,FROM,0x9008d19f58aabd9ed0d60971565aa8510560ab41,42000.0
2024-07-15 10:00,USDT,TO,0x9008d19f58aabd9ed0d60971565aa8510560ab41,41937.813624
2024-07-15 12:00,USDC,FROM,0x518ef04d874437a23283094f622fa054b0a55344,7500.0
2024-07-15 15:00,USDC,FROM,0xb104c36540604bc406a4d8510b1b82d30b5cdb78,22912.05
2024-07-15 15:00,USDC,FROM,0x24c254e27b7d5a73e40059f331a0042c0da0b176,10000.0
2024-07-15 15:00,USDC,FROM,0x2305a370e186a87f3dffd08c9a0b1f31e9520249,5000.0
2024-07-15 15:00,USDC,FROM,0x21516572cf3c12054f9e612788b20bea1a6bfa0a,6000.0
2024-07-15 15:00,USDC,FROM,0x0f6889f7de048f0c913e919cbe8e7aa4a55c48b1,5000.0
2024-07-15 15:00,USDC,FROM,0xcf52c5cbf5bc68f9505c028e994a277d0bc1b23b,3000.0
2024-07-15 15:00,USDC,FROM,0x5b6b4af06798a8c85e8c5effd69b112623e97fd3,4000.0
2024-07-15 15:00,USDT,FROM,0x7b464929a7c7c9f59335211a0f699667322b4f14,39925.96
2024-07-23 08:00,USDC,TO,0x555ce236c0220695b68341bc48c68d52210cc35b,150864.663583
2024-07-23 09:00,USDC,FROM,0x9b0e520786d8abd52e6fb6650ef5b97c185dd816,10.0
2024-07-23 09:00,USDC,TO,0x9b0e592d8779fc5bf0919a171961d9c7b777d816,10.0
2024-07-23 09:00,USDC,FROM,0x9b0e592d8779fc5bf0919a171961d9c7b777d816,0.0
2024-07-23 09:00,USDC,TO,0x9b0e353cf298b932c87bff377060979b4e5dd816,0.1
2024-07-23 09:00,USDC,FROM,0x9b0e520786d8abd52e6fb6650ef5b97c185dd816,149990.0
2024-07-30 08:00,USDC,FROM,0xb104c36540604bc406a4d8510b1b82d30b5cdb78,1093.0
2024-07-30 09:00,USDC,FROM,0x8e4bdeec7ceb9570d440676345da1dce10329f5b,2500.0
2024-07-31 09:00,USDT,TO,0x663dc15d3c1ac63ff12e45ab68fea3f0a883c251,149826.23746
2024-07-31 10:00,USDT,FROM,0x7b464929a7c7c9f59335211a0f699667322b4f14,39903.09
2024-08-09 12:00,USDC,TO,0x9008d19f58aabd9ed0d60971565aa8510560ab41,49962.235791
2024-08-09 12:00,USDT,FROM,0x9008d19f58aabd9ed0d60971565aa8510560ab41,50000.0
2024-08-09 13:00,USDT,FROM,0x7239cb01168759a8ba706264aa0a03bba54db7f5,1000.0
2024-08-09 13:00,USDT,FROM,0x70329444f2b33881d5de53a7af51f2485143ed3f,50000.0
2024-08-13 07:00,USDC,FROM,0x9008d19f58aabd9ed0d60971565aa8510560ab41,30000.602097
2024-08-13 07:00,USDT,TO,0x9008d19f58aabd9ed0d60971565aa8510560ab41,29960.171422
2024-08-13 08:00,USDT,FROM,0x7b464929a7c7c9f59335211a0f699667322b4f14,38004.57
2024-08-15 09:00,USDC,TO,0x555ce236c0220695b68341bc48c68d52210cc35b,99915.566483
2024-08-15 12:00,USDC,FROM,0x3063f51378fb862bc040408b39851a938b1bfe39,23027.55
2024-08-15 12:00,USDC,FROM,0x24c254e27b7d5a73e40059f331a0042c0da0b176,10000.0
2024-08-15 12:00,USDC,FROM,0x21516572cf3c12054f9e612788b20bea1a6bfa0a,8000.0
2024-08-15 12:00,USDC,FROM,0x2305a370e186a87f3dffd08c9a0b1f31e9520249,6000.0
2024-08-15 12:00,USDC,FROM,0x0f6889f7de048f0c913e919cbe8e7aa4a55c48b1,6000.0
2024-08-15 12:00,USDC,FROM,0xcf52c5cbf5bc68f9505c028e994a277d0bc1b23b,3000.0
2024-08-15 12:00,USDC,FROM,0x5b6b4af06798a8c85e8c5effd69b112623e97fd3,4800.0
2024-08-19 08:00,USDC,FROM,0x9886e1f4161b673da0ccc37bb5eefdc46e3a4968,8177.32
2024-08-19 08:00,USDC,FROM,0x9886e1f4161b673da0ccc37bb5eefdc46e3a4968,120.0
2024-08-28 10:00,USDC,FROM,0x3063f51378fb862bc040408b39851a938b1bfe39,236.0
2024-09-02 07:00,USDC,FROM,0x9008d19f58aabd9ed0d60971565aa8510560ab41,34000.0
2024-09-02 07:00,USDC,FROM,0x8e4bdeec7ceb9570d440676345da1dce10329f5b,2500.0
2024-09-02 07:00,USDT,TO,0x9008d19f58aabd9ed0d60971565aa8510560ab41,33970.594686
2024-09-02 07:00,USDT,FROM,0x7b464929a7c7c9f59335211a0f699667322b4f14,31409.86
2024-09-02 14:00,USDT,FROM,0x7239cb01168759a8ba706264aa0a03bba54db7f5,1000.0
2024-09-06 06:00,USDC,FROM,0x9008d19f58aabd9ed0d60971565aa8510560ab41,30000.0
2024-09-06 06:00,USDT,TO,0x9008d19f58aabd9ed0d60971565aa8510560ab41,29974.963324
2024-09-06 08:00,USDC,TO,0x555ce236c0220695b68341bc48c68d52210cc35b,139882.269815
2024-09-06 09:00,USDT,FROM,0x7b464929a7c7c9f59335211a0f699667322b4f14,30610.85
2024-09-10 09:00,USDC,FROM,0x52f4de8889ccdac45a10ee02d179aaaf2f5a1529,37800.0
2024-09-10 13:00,USDC,FROM,0x3063f51378fb862bc040408b39851a938b1bfe39,1000.0
2024-09-15 12:00,USDC,FROM,0x3063f51378fb862bc040408b39851a938b1bfe39,23273.25
2024-09-15 12:00,USDC,FROM,0x24c254e27b7d5a73e40059f331a0042c0da0b176,10000.0
2024-09-15 12:00,USDC,FROM,0x21516572cf3c12054f9e612788b20bea1a6bfa0a,8000.0
2024-09-15 12:00,USDC,FROM,0x2305a370e186a87f3dffd08c9a0b1f31e9520249,6000.0
2024-09-15 12:00,USDC,FROM,0x0f6889f7de048f0c913e919cbe8e7aa4a55c48b1,6000.0
2024-09-15 12:00,USDC,FROM,0x270263b480d1354ab6a44ed5c6b505347b0f86eb,3750.0
2024-09-15 12:00,USDC,FROM,0x5b6b4af06798a8c85e8c5effd69b112623e97fd3,4800.0
2024-09-17 07:00,USDC,FROM,0x9886e1f4161b673da0ccc37bb5eefdc46e3a4968,9675.31
2024-09-17 07:00,USDC,FROM,0xcf52c5cbf5bc68f9505c028e994a277d0bc1b23b,3000.0
2024-09-19 08:00,USDC,FROM,0x302f1ec46029a00457b1929c1aa5610471e9c682,1248.0
2024-09-25 07:00,USDC,TO,0x555ce236c0220695b68341bc48c68d52210cc35b,99901.756777
2024-09-25 07:00,USDC,FROM,0x70329444f2b33881d5de53a7af51f2485143ed3f,50000.0
2024-09-25 08:00,USDC,FROM,0xd266d61ac22c2a2ac2dd832e79c14ea152c998d6,50000.0
2024-09-25 10:00,USDT,FROM,0x53bb01379c7e6f74655d603916c272a13bf33757,2700.0
2024-09-26 05:00,USDC,FROM,0x9008d19f58aabd9ed0d60971565aa8510560ab41,32000.163075
2024-09-26 05:00,USDT,TO,0x9008d19f58aabd9ed0d60971565aa8510560ab41,31974.284818
2024-09-26 05:00,USDT,FROM,0x7b464929a7c7c9f59335211a0f699667322b4f14,32193.71
2024-09-30 08:00,USDC,FROM,0x3063f51378fb862bc040408b39851a938b1bfe39,564.0
2024-10-01 13:00,USDT,TO,0x4a72907eeb02ff3e816fec0ca3356f45ba67d1ec,9000.0
2024-10-07 07:00,USDT,TO,0x663dc15d3c1ac63ff12e45ab68fea3f0a883c251,99855.425415
2024-10-07 10:00,USDT,FROM,0x7b464929a7c7c9f59335211a0f699667322b4f14,39046.14
2024-10-15 15:00,USDC,TO,0x555ce236c0220695b68341bc48c68d52210cc35b,99897.116211
2024-10-15 15:00,USDT,FROM,0x9886e1f4161b673da0ccc37bb5eefdc46e3a4968,9556.76
2024-10-15 16:00,USDC,FROM,0x3063f51378fb862bc040408b39851a938b1bfe39,22899.51
2024-10-15 16:00,USDC,FROM,0x24c254e27b7d5a73e40059f331a0042c0da0b176,10000.0
2024-10-15 16:00,USDC,FROM,0x2305a370e186a87f3dffd08c9a0b1f31e9520249,6000.0
2024-10-15 16:00,USDC,FROM,0x21516572cf3c12054f9e612788b20bea1a6bfa0a,8000.0
2024-10-15 16:00,USDC,FROM,0x0f6889f7de048f0c913e919cbe8e7aa4a55c48b1,6000.0
2024-10-15 16:00,USDC,FROM,0xcf52c5cbf5bc68f9505c028e994a277d0bc1b23b,3000.0
2024-10-15 16:00,USDC,FROM,0x270263b480d1354ab6a44ed5c6b505347b0f86eb,1875.0
2024-10-15 16:00,USDC,FROM,0x5b6b4af06798a8c85e8c5effd69b112623e97fd3,4800.0
2024-10-18 10:00,USDC,FROM,0xfed9c910984c2e7a5763d26d1bb2af0056b5b1e2,9800.0
2024-10-24 07:00,USDT,FROM,0x7b464929a7c7c9f59335211a0f699667322b4f14,42010.16
2024-10-31 06:00,USDC,TO,0x9e4e147d103def9e98462884e7ce06385f8ac540,4648.24
2024-11-04 06:00,USDC,FROM,0x9886e1f4161b673da0ccc37bb5eefdc46e3a4968,12908.4
2024-11-04 10:00,USDC,FROM,0x3063f51378fb862bc040408b39851a938b1bfe39,2620.0
2024-11-04 10:00,USDC,FROM,0x2305a370e186a87f3dffd08c9a0b1f31e9520249,194.79
2024-11-06 10:00,USDT,TO,0x9008d19f58aabd9ed0d60971565aa8510560ab41,28735.060008
2024-11-06 11:00,USDT,FROM,0x7b464929a7c7c9f59335211a0f699667322b4f14,34751.87
2024-11-11 05:00,USDC,FROM,0x9886e1f4161b673da0ccc37bb5eefdc46e3a4968,15000.0
2024-11-13 11:00,USDC,TO,0x555ce236c0220695b68341bc48c68d52210cc35b,199795.181408
2024-11-13 12:00,USDC,FROM,0x06555ddd07673c457a631a18754cfbb320afb0e6,50.0
2024-11-14 07:00,USDC,FROM,0x06555ddd07673c457a631a18754cfbb320afb0e6,99950.0
2024-11-15 07:00,USDC,FROM,0x3063f51378fb862bc040408b39851a938b1bfe39,22517.0
2024-11-15 07:00,USDC,FROM,0x3154677b603c2b30810b46a56b46892aa09d60e2,10000.0
2024-11-15 07:00,USDC,FROM,0x21516572cf3c12054f9e612788b20bea1a6bfa0a,8000.0
2024-11-15 07:00,USDC,FROM,0x2305a370e186a87f3dffd08c9a0b1f31e9520249,6000.0
2024-11-15 07:00,USDC,FROM,0x0f6889f7de048f0c913e919cbe8e7aa4a55c48b1,6000.0
2024-11-15 07:00,USDC,FROM,0xcf52c5cbf5bc68f9505c028e994a277d0bc1b23b,3000.0
2024-11-15 07:00,USDC,FROM,0x5b6b4af06798a8c85e8c5effd69b112623e97fd3,4800.0
2024-11-15 07:00,USDC,FROM,0xfed9c910984c2e7a5763d26d1bb2af0056b5b1e2,10500.0
2024-11-15 12:00,USDC,FROM,0x270263b480d1354ab6a44ed5c6b505347b0f86eb,3750.0
2024-11-21 07:00,USDC,FROM,0x9008d19f58aabd9ed0d60971565aa8510560ab41,25000.0
2024-11-21 07:00,USDT,TO,0x9008d19f58aabd9ed0d60971565aa8510560ab41,24955.317571
2024-11-22 06:00,USDT,FROM,0x7b464929a7c7c9f59335211a0f699667322b4f14,29518.31
2024-11-28 12:00,USDC,FROM,0x3063f51378fb862bc040408b39851a938b1bfe39,3970.0
2024-11-29 07:00,USDC,TO,0x555ce236c0220695b68341bc48c68d52210cc35b,149862.406819
2024-11-29 07:00,USDC,FROM,0xf3b93c63bc7383aa3462b082ed953c78137b12d4,20.0
2024-11-29 09:00,USDC,FROM,0xf3b93c63bc7383aa3462b082ed953c78137b12d4,149980.0
2024-11-30 10:00,USDT,FROM,0x5319f2b11aef28a8bdd96ff2dc9c7040960d4ad9,3000.0
2024-11-30 10:00,USDT,FROM,0xb5f7f4ec1196dc451de567c198019820dd8a3e69,2000.0
2024-12-02 16:00,USDC,TO,0x555ce236c0220695b68341bc48c68d52210cc35b,199793.593012
2024-12-03 07:00,USDC,FROM,0x8e4bdeec7ceb9570d440676345da1dce10329f5b,7500.0
2024-12-03 09:00,USDC,FROM,0x9886e1f4161b673da0ccc37bb5eefdc46e3a4968,30582.98
2024-12-12 11:00,USDC,FROM,0x178697ff489b390526c636dca1acca30d63c5c67,1000.0
2024-12-13 08:00,USDT,TO,0x0d0707963952f2fba59dd06f2b425ace40b492fe,1.62
2024-12-13 09:00,USDT,TO,0x0d0707963952f2fba59dd06f2b425ace40b492fe,38996.48418
2024-12-13 09:00,USDT,TO,0x0d0707963952f2fba59dd06f2b425ace40b492fe,30844.31
2024-12-15 13:00,USDC,FROM,0x3063f51378fb862bc040408b39851a938b1bfe39,22054.0
2024-12-15 13:00,USDC,FROM,0x3154677b603c2b30810b46a56b46892aa09d60e2,10000.0
2024-12-15 13:00,USDC,FROM,0xfed9c910984c2e7a5763d26d1bb2af0056b5b1e2,10500.0
2024-12-15 13:00,USDC,FROM,0x2305a370e186a87f3dffd08c9a0b1f31e9520249,6000.0
2024-12-15 13:00,USDC,FROM,0x21516572cf3c12054f9e612788b20bea1a6bfa0a,8000.0
2024-12-15 13:00,USDC,FROM,0x00546b3427216da431e0cc994a1264a6c55f8f59,1.0
2024-12-15 13:00,USDC,FROM,0xa5703ccc6d7f376f7b482bd98a58647ca3f316e4,1.0
2024-12-15 13:00,USDC,FROM,0xeca125df0b31df4e0988b58ad15588f0137cd70b,1.0
2024-12-15 13:00,USDC,FROM,0xcd178b2bd1232277f4287c8b88f0b2f9badc77c1,1200.0
2024-12-15 13:00,USDC,FROM,0x0f6889f7de048f0c913e919cbe8e7aa4a55c48b1,6000.0
2024-12-15 13:00,USDC,FROM,0x270263b480d1354ab6a44ed5c6b505347b0f86eb,3500.0
2024-12-15 13:00,USDC,FROM,0x5b6b4af06798a8c85e8c5effd69b112623e97fd3,4800.0
2024-12-15 13:00,USDC,FROM,0xb2c9e2db56fc26053d3ea1f40988d6b6fadce515,1.0
2024-12-15 13:00,USDC,TO,0xb2c9444d04c92b485fd0958039bc66e0cf0ee515,1.0
2024-12-15 13:00,USDC,FROM,0xb2c9444d04c92b485fd0958039bc66e0cf0ee515,0.0
2024-12-15 13:00,USDC,TO,0xb2c998f214830f1ca13dd65de5a21d3b603ee515,0.01
2024-12-16 09:00,USDC,FROM,0x52f95a875509bf25954743db9369a4474efff89c,2700.0
2024-12-16 09:00,USDC,FROM,0xa5703ccc6d7f376f7b482bd98a58647ca3f316e4,6999.0
2024-12-16 09:00,USDC,FROM,0xeca125df0b31df4e0988b58ad15588f0137cd70b,5499.0
2024-12-16 09:00,USDC,FROM,0xb2c9e2db56fc26053d3ea1f40988d6b6fadce515,6666.0
2024-12-16 09:00,USDC,FROM,0x00546b3427216da431e0cc994a1264a6c55f8f59,499.0
2024-12-16 11:00,USDC,FROM,0x270263b480d1354ab6a44ed5c6b505347b0f86eb,250.0
2024-12-17 11:00,USDT,FROM,0xe57ed5442a88770ddbfad623af182068bcf514b7,10.0
2024-12-17 11:00,USDT,TO,0xe57eb07f8df178f461da18af812d7b3ec67514b7,10.0
2024-12-17 11:00,USDT,FROM,0xe57eb07f8df178f461da18af812d7b3ec67514b7,0.0
2024-12-17 11:00,USDT,TO,0xe57e2ca5472ed0f81825bf283d613391ecdb14b7,0.01
2024-12-17 12:00,USDT,FROM,0xe57ed5442a88770ddbfad623af182068bcf514b7,69842.69
2024-12-19 07:00,USDC,FROM,0x85064fe59541675565dba8b7c85d4c2fd6618617,670.0
2024-12-21 15:00,USDC,TO,0x555ce236c0220695b68341bc48c68d52210cc35b,149866.661968
2024-12-21 15:00,USDC,FROM,0x4a691aa950c4071b9d288d7e76535067a58b6923,10.0
2024-12-21 16:00,USDC,FROM,0x4a691aa950c4071b9d288d7e76535067a58b6923,49990.0
2024-12-23 08:00,USDC,FROM,0x7b464929a7c7c9f59335211a0f699667322b4f14,49298.46
2024-12-23 08:00,USDC,FROM,0x7b464929a7c7c9f59335211a0f699667322b4f14,42247.52
2025-01-03 13:00,USDT,TO,0x6f08040567636b620be05fb8d750787076d577c1,1.0
2025-01-05 23:00,USDT,TO,0x6f08040567636b620be05fb8d750787076d577c1,120000.0
2025-01-06 07:00,USDT,FROM,0x5319f2b11aef28a8bdd96ff2dc9c7040960d4ad9,3000.0
2025-01-06 07:00,USDT,FROM,0x5319f2b11aef28a8bdd96ff2dc9c7040960d4ad9,748.0
2025-01-06 12:00,USDC,FROM,0x3c6955598fee20efa798551ee9ddcba8c21d429f,500.0
2025-01-06 12:00,USDT,FROM,0xe420ee1d7df95df6d08cf8243448085bb16954c0,1330.0
2025-01-07 08:00,USDC,FROM,0xcd178b2bd1232277f4287c8b88f0b2f9badc77c1,1200.0
2025-01-13 10:00,USDC,FROM,0x302f1ec46029a00457b1929c1aa5610471e9c682,5090.29
2025-01-13 10:00,USDC,FROM,0x21516572cf3c12054f9e612788b20bea1a6bfa0a,2320.69
2025-01-13 10:00,USDC,FROM,0x09b1f8f5a029516c478c482b712cbdc81b3b097e,3035.0
2025-01-15 10:00,USDC,TO,0x9008d19f58aabd9ed0d60971565aa8510560ab41,99860.996126
2025-01-15 10:00,USDT,FROM,0x9008d19f58aabd9ed0d60971565aa8510560ab41,100000.0
2025-01-15 15:00,USDC,FROM,0x24c254e27b7d5a73e40059f331a0042c0da0b176,10000.0
2025-01-15 15:00,USDC,FROM,0x3063f51378fb862bc040408b39851a938b1bfe39,21636.55
2025-01-15 15:00,USDC,FROM,0x2305a370e186a87f3dffd08c9a0b1f31e9520249,6000.0
2025-01-15 15:00,USDC,FROM,0x52f95a875509bf25954743db9369a4474efff89c,5400.0
2025-01-15 15:00,USDC,FROM,0xa5703ccc6d7f376f7b482bd98a58647ca3f316e4,7000.0
2025-01-15 15:00,USDC,FROM,0xeca125df0b31df4e0988b58ad15588f0137cd70b,5500.0
2025-01-15 15:00,USDC,FROM,0xb2c9e2db56fc26053d3ea1f40988d6b6fadce515,6667.0
2025-01-15 15:00,USDC,FROM,0xfed9c910984c2e7a5763d26d1bb2af0056b5b1e2,10500.0
2025-01-15 15:00,USDC,FROM,0x0f6889f7de048f0c913e919cbe8e7aa4a55c48b1,6000.0
2025-01-15 15:00,USDC,FROM,0x00546b3427216da431e0cc994a1264a6c55f8f59,1000.0
2025-01-15 15:00,USDC,FROM,0x5b6b4af06798a8c85e8c5effd69b112623e97fd3,4800.0
2025-01-15 15:00,USDC,FROM,0x21516572cf3c12054f9e612788b20bea1a6bfa0a,8000.0
2025-01-16 09:00,USDC,FROM,0x00546b3427216da431e0cc994a1264a6c55f8f59,1000.0
2025-01-16 09:00,USDC,FROM,0x85064fe59541675565dba8b7c85d4c2fd6618617,800.0
2025-01-16 11:00,USDC,FROM,0x7b464929a7c7c9f59335211a0f699667322b4f14,25537.45
2025-01-16 12:00,USDC,FROM,0x7b464929a7c7c9f59335211a0f699667322b4f14,33622.06
2025-01-20 08:00,USDT,FROM,0x9886e1f4161b673da0ccc37bb5eefdc46e3a4968,12038.89
2025-01-22 11:00,USDC,TO,0x555ce236c0220695b68341bc48c68d52210cc35b,224806.72274
2025-01-22 11:00,USDC,FROM,0x24f18cb03dab50586f7663722c25e9921de32c8f,25000.0
2025-01-27 08:00,USDC,FROM,0x9008d19f58aabd9ed0d60971565aa8510560ab41,20000.0
2025-01-27 08:00,USDT,TO,0x9008d19f58aabd9ed0d60971565aa8510560ab41,19984.213053
2025-01-27 08:00,USDT,FROM,0x7239cb01168759a8ba706264aa0a03bba54db7f5,20000.0
2025-01-29 10:00,USDC,FROM,0x69b8f9e950d1ac7a1cf21028cc25bf5edac24f33,998.0
2025-01-29 10:00,USDT,FROM,0xfed9c910984c2e7a5763d26d1bb2af0056b5b1e2,1827.16
2025-02-04 06:00,USDT,TO,0x0d0707963952f2fba59dd06f2b425ace40b492fe,10533.824512
2025-02-04 08:00,USDT,TO,0x83c41363cbee0081dab75cb841fa24f3db46627e,12066.43363
2025-02-05 10:00,USDC,FROM,0x3063f51378fb862bc040408b39851a938b1bfe39,1363.0
2025-02-05 10:00,USDC,FROM,0x5319f2b11aef28a8bdd96ff2dc9c7040960d4ad9,3000.0
2025-02-05 20:00,USDT,TO,0x6f08040567636b620be05fb8d750787076d577c1,16000.0
2025-02-10 13:00,USDC,FROM,0xf2d414978fa3b4e65d8b936624fa7cbb568d30ee,3000.0
2025-02-12 10:00,USDC,FROM,0x3063f51378fb862bc040408b39851a938b1bfe39,1113.0
2025-02-14 15:00,USDC,FROM,0x3063f51378fb862bc040408b39851a938b1bfe39,21983.89
2025-02-14 15:00,USDC,FROM,0x20bf7dc4b28c1d7e0c0bc8f48d310d724743b9ad,10000.0
2025-02-14 15:00,USDC,FROM,0x2305a370e186a87f3dffd08c9a0b1f31e9520249,6000.0
2025-02-14 15:00,USDC,FROM,0x52f95a875509bf25954743db9369a4474efff89c,5400.0
2025-02-14 15:00,USDC,FROM,0xa5703ccc6d7f376f7b482bd98a58647ca3f316e4,7000.0
2025-02-14 15:00,USDC,FROM,0xeca125df0b31df4e0988b58ad15588f0137cd70b,5500.0
2025-02-14 15:00,USDC,FROM,0xb2c9e2db56fc26053d3ea1f40988d6b6fadce515,6667.0
2025-02-14 15:00,USDC,FROM,0x0f6889f7de048f0c913e919cbe8e7aa4a55c48b1,6000.0
2025-02-14 15:00,USDC,FROM,0x00546b3427216da431e0cc994a1264a6c55f8f59,2000.0
2025-02-14 15:00,USDC,FROM,0x21516572cf3c12054f9e612788b20bea1a6bfa0a,8000.0
2025-02-14 15:00,USDC,FROM,0x85064fe59541675565dba8b7c85d4c2fd6618617,800.0
2025-02-14 15:00,USDC,FROM,0x5b6b4af06798a8c85e8c5effd69b112623e97fd3,4800.0
2025-02-14 15:00,USDT,FROM,0xfed9c910984c2e7a5763d26d1bb2af0056b5b1e2,10500.0
2025-02-17 07:00,USDC,FROM,0xa5703ccc6d7f376f7b482bd98a58647ca3f316e4,717.0
2025-02-17 07:00,USDC,FROM,0xa578e2abd802cf29cb02d3d0077cd54a86d316e4,0.0
2025-02-17 10:00,USDC,FROM,0x9886e1f4161b673da0ccc37bb5eefdc46e3a4968,11623.76
2025-02-17 10:00,USDC,FROM,0x9886e10c7c20552dc53a29f4f63bbe8ffc4a4968,0.0
2025-02-17 10:00,USDC,FROM,0x8e4bdeec7ceb9570d440676345da1dce10329f5b,2500.0
2025-02-17 10:00,USDC,FROM,0x8e4bdeec7ceb9570d440676345da1dce10329f5b,2500.0
2025-02-17 10:00,USDC,FROM,0x8e4e6b306597601c4dc201929e2deee411029f5b,0.0
2025-02-17 10:00,USDC,FROM,0x8e461d0faedf96cfd95c3c9a58d59c02fa629f5b,0.0
2025-02-19 08:00,USDT,FROM,0x7239cb01168759a8ba706264aa0a03bba54db7f5,10000.0
2025-02-28 10:00,USDC,FROM,0x7b464929a7c7c9f59335211a0f699667322b4f14,74144.04
2025-02-28 16:00,USDC,TO,0x6edf968da408a9640b8865826429a977a11c5048,33622.05989
2025-03-03 11:00,USDC,FROM,0x302f1ec46029a00457b1929c1aa5610471e9c682,5211.82
2025-03-03 12:00,USDC,FROM,0x302f942b438727ce050febde5f2e52cf971cc682,0.0
2025-03-03 12:00,USDC,TO,0x9008d19f58aabd9ed0d60971565aa8510560ab41,19974.797196
2025-03-03 12:00,USDT,FROM,0x9008d19f58aabd9ed0d60971565aa8510560ab41,20000.0
2025-03-03 13:00,USDC,FROM,0x7b464929a7c7c9f59335211a0f699667322b4f14,33622.05989
2025-03-04 08:00,USDC,TO,0x6edf968da408a9640b8865826429a977a11c5048,25536.94
2025-03-04 10:00,USDC,FROM,0x8d027cd2a76211c71423ea1e4a6c8659ac62ae56,3000.0
2025-03-06 07:00,USDC,FROM,0x7b464929a7c7c9f59335211a0f699667322b4f14,25536.94
2025-03-06 07:00,USDC,FROM,0x3063f51378fb862bc040408b39851a938b1bfe39,1014.0
2025-03-06 07:00,USDC,TO,0x555ce236c0220695b68341bc48c68d52210cc35b,149884.674494
2025-03-06 08:00,USDC,FROM,0x7b464929a7c7c9f59335211a0f699667322b4f14,68773.79
2025-03-06 09:00,USDC,FROM,0x5e5de27582a2e3a486cb9e3234b29280f093cefe,71.28
2025-03-06 09:00,USDC,FROM,0x44ce0e531673640967043cf0eaadd09f748a53c3,27.65
2025-03-06 09:00,USDC,FROM,0xc348897089fa2d04d5b9ae5a5612f4c4991c93e5,27.65
2025-03-06 09:00,USDC,FROM,0x57083abb44957a6a5bbdd104418acae3d4ea6c1f,25.98
2025-03-06 09:00,USDC,FROM,0x01c0db1efa9cf62ff38f9ede3303ed5059b064a0,25.14
2025-03-06 09:00,USDC,FROM,0x64d0975c8d94ec1922bccf5997043acac4eb39db,25.14
2025-03-06 09:00,USDC,FROM,0x86ef906a98da02a3dec75600038f495f47306d7f,25.14
2025-03-06 09:00,USDC,FROM,0xa2840faa2394c80ad35ffdd5d5c79b1309f9948b,23.47
2025-03-06 09:00,USDC,FROM,0xb3ec56736a38ce6adf8adc1cb429ebccca97ab7e,23.47
2025-03-06 09:00,USDC,FROM,0x647fba08604003c36046542f0abf3fdb40bf4069,25.14
2025-03-06 11:00,USDC,FROM,0x3063b409d482984728c2d1a66d12e8defb37fe39,0.0
2025-03-06 11:00,USDC,TO,0x7b468efb0703241a515c9fb650da10e51d4f4f14,0.016877
2025-03-11 08:00,USDC,FROM,0x7c58b0dbeaeb169faca82e6ce5dd218b81bf603b,15000.0
2025-03-11 08:00,USDC,FROM,0x7c584a1740470ff5f38d1d871c737da71229603b,0.0
2025-03-11 08:00,USDC,TO,0x7c584a1740470ff5f38d1d871c737da71229603b,0.015
2025-03-13 07:00,USDC,FROM,0x9886e1f4161b673da0ccc37bb5eefdc46e3a4968,25501.38
2025-03-13 07:00,USDC,FROM,0x9886ef22fc76273f6a18b934d46dc1753b154968,0.0
2025-03-13 07:00,USDC,TO,0x9886ef22fc76273f6a18b934d46dc1753b154968,0.01255
2025-03-14 13:00,USDC,TO,0x4a72907eeb02ff3e816fec0ca3356f45ba67d1ec,69500.0
2025-03-14 13:00,USDT,TO,0x4a72907eeb02ff3e816fec0ca3356f45ba67d1ec,29738.953469
2025-03-14 14:00,USDC,FROM,0x20bf7dc4b28c1d7e0c0bc8f48d310d724743b9ad,10000.0
2025-03-14 14:00,USDC,FROM,0x21516572cf3c12054f9e612788b20bea1a6bfa0a,8000.0
2025-03-14 14:00,USDC,FROM,0xb2c9e2db56fc26053d3ea1f40988d6b6fadce515,6667.0
2025-03-14 14:00,USDC,FROM,0xeca125df0b31df4e0988b58ad15588f0137cd70b,5500.0
2025-03-14 14:00,USDC,FROM,0xa5703ccc6d7f376f7b482bd98a58647ca3f316e4,7000.0
2025-03-14 14:00,USDC,FROM,0x00546b3427216da431e0cc994a1264a6c55f8f59,2000.0
2025-03-14 14:00,USDC,FROM,0x5b6b4af06798a8c85e8c5effd69b112623e97fd3,7000.0
2025-03-14 14:00,USDC,FROM,0x2305a370e186a87f3dffd08c9a0b1f31e9520249,7800.0
2025-03-14 14:00,USDC,FROM,0x85064fe59541675565dba8b7c85d4c2fd6618617,800.0
2025-03-14 14:00,USDC,TO,0x8506d5b9a61458a78d600152a92d9cb002dc8617,0.18
2025-03-14 14:00,USDC,FROM,0x8506d5b9a61458a78d600152a92d9cb002dc8617,0.0
2025-03-14 14:00,USDT,FROM,0xfed9c910984c2e7a5763d26d1bb2af0056b5b1e2,10500.0
2025-03-19 07:00,USDC,FROM,0x9d254559c8ef5a208174edf55cbbdc891cf8d97b,2500.0
2025-03-19 07:00,USDC,TO,0x9d2586fb851c272440133165a27fd0f478a1d97b,0.125
2025-03-19 07:00,USDC,FROM,0x9d2586fb851c272440133165a27fd0f478a1d97b,0.0
2025-04-01 08:00,USDC,FROM,0x302f1ec46029a00457b1929c1aa5610471e9c682,1126.26
2025-04-01 08:00,USDC,FROM,0x302f942b438727ce050febde5f2e52cf971cc682,0.0
2025-04-01 08:00,USDC,TO,0x302f942b438727ce050febde5f2e52cf971cc682,0.112621
2025-04-01 08:00,USDC,FROM,0x8e4bdeec7ceb9570d440676345da1dce10329f5b,2500.0
2025-04-01 08:00,USDC,FROM,0x8e4b54d54b49d41809bc582abc5ee5695bc29f5b,0.0
2025-04-01 08:00,USDC,TO,0x8e4b54d54b49d41809bc582abc5ee5695bc29f5b,0.125
2025-04-01 08:00,USDT,FROM,0x8d027cd2a76211c71423ea1e4a6c8659ac62ae56,3000.0
2025-04-01 08:00,USDT,TO,0x8d02ac7505eb473223378c5713d76a530c94ae56,0.013
2025-04-08 08:00,USDT,FROM,0x9008d19f58aabd9ed0d60971565aa8510560ab41,2500.0
2025-04-15 08:00,USDC,FROM,0x21516572cf3c12054f9e612788b20bea1a6bfa0a,8000.0
2025-04-15 08:00,USDC,FROM,0x2305a370e186a87f3dffd08c9a0b1f31e9520249,7800.0
2025-04-15 08:00,USDC,FROM,0xb2c9e2db56fc26053d3ea1f40988d6b6fadce515,6667.0
2025-04-15 08:00,USDC,FROM,0xa5703ccc6d7f376f7b482bd98a58647ca3f316e4,7000.0
2025-04-15 08:00,USDC,FROM,0x5b6b4af06798a8c85e8c5effd69b112623e97fd3,7000.0
2025-04-15 08:00,USDC,FROM,0x00546b3427216da431e0cc994a1264a6c55f8f59,2000.0
2025-04-15 08:00,USDC,FROM,0x85064fe59541675565dba8b7c85d4c2fd6618617,800.0
2025-04-15 08:00,USDT,FROM,0xfed9c910984c2e7a5763d26d1bb2af0056b5b1e2,2625.0
2025-04-15 14:00,USDC,TO,0x58edf78281334335effa23101bbe3371b6a36a51,94.3
2025-04-17 09:00,USDC,FROM,0x24c254e27b7d5a73e40059f331a0042c0da0b176,10000.0
2025-04-17 11:00,USDC,TO,0x58edf78281334335effa23101bbe3371b6a36a51,37364.0
2025-04-24 09:00,USDC,FROM,0x9886e1f4161b673da0ccc37bb5eefdc46e3a4968,20000.0
2025-05-05 09:00,USDT,FROM,0x8d027cd2a76211c71423ea1e4a6c8659ac62ae56,3000.0
2025-05-05 19:00,USDT,FROM,0x746b53b1327a02a395bdf8fd177949eaf61846b8,10000.0
2025-05-07 13:00,USDC,FROM,0x5b6b4af06798a8c85e8c5effd69b112623e97fd3,437.0
2025-05-07 13:00,USDC,FROM,0x85064fe59541675565dba8b7c85d4c2fd6618617,353.99
2025-05-07 13:00,USDC,FROM,0x2305a370e186a87f3dffd08c9a0b1f31e9520249,2284.46
2025-05-07 13:00,USDT,TO,0x83c41363cbee0081dab75cb841fa24f3db46627e,10000.1985
2025-05-07 13:00,USDT,FROM,0x8d1bea3c64e10f6622f4db5f309c9a1f9436a412,735.0
2025-05-07 15:00,USDC,FROM,0x20bf7dc4b28c1d7e0c0bc8f48d310d724743b9ad,75.0
2025-05-07 15:00,USDC,FROM,0x302f1ec46029a00457b1929c1aa5610471e9c682,1181.81
2025-05-15 12:00,USDC,TO,0xb8f275fbf7a959f4bce59999a2ef122a099e81a8,98.115359
2025-05-15 12:00,USDC,TO,0x07ae8551be970cb1cca11dd7a11f47ae82e70e67,99868.507392
2025-05-15 14:00,USDC,FROM,0x21516572cf3c12054f9e612788b20bea1a6bfa0a,8000.0
2025-05-15 14:00,USDC,FROM,0xa5703ccc6d7f376f7b482bd98a58647ca3f316e4,7000.0
2025-05-15 14:00,USDC,FROM,0x2305a370e186a87f3dffd08c9a0b1f31e9520249,7800.0
2025-05-15 14:00,USDC,FROM,0x5b6b4af06798a8c85e8c5effd69b112623e97fd3,7800.0
2025-05-15 14:00,USDC,FROM,0x00546b3427216da431e0cc994a1264a6c55f8f59,2000.0
2025-05-15 14:00,USDC,FROM,0x24c254e27b7d5a73e40059f331a0042c0da0b176,10000.0
2025-05-15 14:00,USDC,FROM,0xb2c9e2db56fc26053d3ea1f40988d6b6fadce515,1905.0
2025-05-15 14:00,USDC,FROM,0x85064fe59541675565dba8b7c85d4c2fd6618617,200.0
2025-05-16 17:00,USDC,FROM,0x9d254559c8ef5a208174edf55cbbdc891cf8d97b,2500.0
2025-05-19 19:00,USDC,FROM,0x85064fe59541675565dba8b7c85d4c2fd6618617,380.0
2025-05-20 11:00,USDC,FROM,0xf2d414978fa3b4e65d8b936624fa7cbb568d30ee,2380.5
2025-05-20 11:00,USDC,FROM,0x9886e1f4161b673da0ccc37bb5eefdc46e3a4968,22762.19
2025-05-20 11:00,USDC,FROM,0x21516572cf3c12054f9e612788b20bea1a6bfa0a,463.0
2025-05-20 12:00,USDC,FROM,0x21516572cf3c12054f9e612788b20bea1a6bfa0a,3000.0
2025-05-21 10:00,USDC,FROM,0x302f1ec46029a00457b1929c1aa5610471e9c682,1180.0
2025-05-25 13:00,USDT,TO,0x6f08040567636b620be05fb8d750787076d577c1,25000.0
