blockNumber,timeStamp,hash,nonce,blockHash,from,contractAddress,to,value,tokenName,tokenSymbol,tokenDecimal,transactionIndex,gas,gasPrice,gasUsed,cumulativeGasUsed,input,confirmations
15724461,1665486371,0xb3568841040ecef3e7d63def397222a6bc33f667307f2a65f627fcff7bec4cfd,20,0xb62fab1a4f42f38f22fc774002c357742564ea65b16b94debc9d83014e44c4cb,0x83971bef12686921e144db119042b484731ea120,0xdac17f958d2ee523a2206206994597c13d831ec7,0xe11a3c6d20b464c77ca7dbe8cf9e83c91dd337be,48775000000,Tether USD,USDT,6,69,105729,22627423076,99811,4414356,deprecated,6849481
15823973,1666687343,0xab706c2b091d25a6f9900e639fec2a4e4c7b0d087841890119a9066db0aba466,33,0x5edcdf4770c4c929785c6ebcf1de38a3d5a87bd848ae63e57def6c4532d3e32b,0xe11a3c6d20b464c77ca7dbe8cf9e83c91dd337be,0xdac17f958d2ee523a2206206994597c13d831ec7,0x7b464929a7c7c9f59335211a0f699667322b4f14,25517000000,Tether USD,USDT,6,107,98565,11000000000,97543,9274802,deprecated,6749969
15990753,1668700307,0x57de7650d9a3c0b382db44b2c7d9b62c66b1a7aeb2bf107ace4dd11155475bc7,37,0xe32869271cf243b19cd7ae638f66349588c1b139ff5166d8f11786dcfd9e05c5,0xe11a3c6d20b464c77ca7dbe8cf9e83c91dd337be,0xdac17f958d2ee523a2206206994597c13d831ec7,0x3d0d0fdc3f8f4cbd1628cab514ec66654f49917e,21000000000,Tether USD,USDT,6,259,98553,19253053707,97531,17465373,deprecated,6583189
16033856,1669220483,0x96c471e692d8f806123c96b238f1d518a20a460a7c432f046ebc48f41ac4814e,39,0x43286d9282d4161e9a2e978e22e60a1568f7b77999367e0af8e4e6dc43d30272,0xe11a3c6d20b464c77ca7dbe8cf9e83c91dd337be,0xdac17f958d2ee523a2206206994597c13d831ec7,0xe5ea222c37cd23f37c6f35c51d2c008479ea1bc2,609000000,Tether USD,USDT,6,82,81158,21097530780,80407,7436601,deprecated,6540086
16040427,1669299995,0xaa56496c3a904e3c15d21e26e4e8c56c26c4d35382106b6a3cae9d3386b1da62,25,0x7aa6c06d252662d8639d063a4091bc4ba18dea84b770594885d72b12d728e2fd,0x4a72907eeb02ff3e816fec0ca3356f45ba67d1ec,0xdac17f958d2ee523a2206206994597c13d831ec7,0xe11a3c6d20b464c77ca7dbe8cf9e83c91dd337be,66990022037,Tether USD,USDT,6,66,69181,11967539040,41321,5269591,deprecated,6533515
16041087,1669307963,0x2e5a1d1d5510a20593afa4852b07f6c42e6e9baa00434fae999ebc90d4c7f075,41,0x2006fb9df7bea1e406a606c940aad36c7ba0569511ca8770370ec7bf0c7c0217,0xe11a3c6d20b464c77ca7dbe8cf9e83c91dd337be,0xdac17f958d2ee523a2206206994597c13d831ec7,0x7b464929a7c7c9f59335211a0f699667322b4f14,38573170000,Tether USD,USDT,6,122,98565,17578092543,97543,10924240,deprecated,6532855
16046095,1669368395,0x1475b345fe74ddd4995521863f82d5b64c378fda8478188987775c07e7f53209,42,0xeda4e5c378b94d3cc7778e56d8580c31037bcc675738069e49cec254ffec809f,0xe11a3c6d20b464c77ca7dbe8cf9e83c91dd337be,0xdac17f958d2ee523a2206206994597c13d831ec7,0x7b464929a7c7c9f59335211a0f699667322b4f14,28986320000,Tether USD,USDT,6,36,98565,12086039865,97543,1823364,deprecated,6527847
16068194,1669634999,0x39c854048bf91a3ca0564ba0e64ccb6e9a6b1326850bbd933d985ab21e29f98a,27,0x622c7a003f6a5018567e5bb447bb2071d2c04cab353794ed885fe3e7899c0663,0x4a72907eeb02ff3e816fec0ca3356f45ba67d1ec,0xdac17f958d2ee523a2206206994597c13d831ec7,0xe11a3c6d20b464c77ca7dbe8cf9e83c91dd337be,32758583985,Tether USD,USDT,6,112,69181,12291636383,41321,7152072,deprecated,6505748
16068211,1669635203,0xccf6cf8042456bdccbb08467e6e20e6066e379a188d3a532ea8420244b90e9a2,47,0xbd4098a70a762f395e8cb61a5e8ff1692fc4ae78375cbc36d6315cd47ab92b2b,0xe11a3c6d20b464c77ca7dbe8cf9e83c91dd337be,0xdac17f958d2ee523a2206206994597c13d831ec7,0x7b464929a7c7c9f59335211a0f699667322b4f14,31849980000,Tether USD,USDT,6,296,102423,11707079902,101349,12151176,deprecated,6505731
16340374,1672919087,0x07474c3570dc700336cd705e30f31cdb1ad1253ef0d578e3ff85994f324199d1,29,0x631aa78812d4d782818cc58e82df031aaac085019f75c13338d4fc29d0eb090d,0x4a72907eeb02ff3e816fec0ca3356f45ba67d1ec,0xdac17f958d2ee523a2206206994597c13d831ec7,0xe11a3c6d20b464c77ca7dbe8cf9e83c91dd337be,82008027998,Tether USD,USDT,6,33,69181,28654756422,41321,1889360,deprecated,6233568
16340520,1672920839,0x00f648f6f3dde5cc449cb57fee51b36603031dd11c02e39f7e20ad4b9a536f7b,56,0x91fbe9e89578b6867ae7cdac2c934f71dc1c0a54f421f1568328101cbf4e3ed9,0xe11a3c6d20b464c77ca7dbe8cf9e83c91dd337be,0xdac17f958d2ee523a2206206994597c13d831ec7,0x7b464929a7c7c9f59335211a0f699667322b4f14,34504000000,Tether USD,USDT,6,34,102411,42296981112,101337,2130756,deprecated,6233422
16340553,1672921235,0x35d50861acaa725326931fe340f98280b44668ff972703d46d970bf9f72b9a9c,31,0xc2b34d59fb702e261761783fa95002f142963d3d60bb1e107d7e8a022813d01a,0xe11a3c6d20b464c77ca7dbe8cf9e83c91dd337be,0xdac17f958d2ee523a2206206994597c13d831ec7,0x7b464929a7c7c9f59335211a0f699667322b4f14,29812000000,Tether USD,USDT,6,103,85028,37866505486,80419,5638704,deprecated,6233389
16499153,1674834599,0x3406cf04c186ba36648e6677f070e680601534a77c8cc052728c6a82eba17d95,36,0x720348ee402b8064b3bd38796c65eacd317539280798baac779467231a266198,0x4a72907eeb02ff3e816fec0ca3356f45ba67d1ec,0xdac17f958d2ee523a2206206994597c13d831ec7,0xe11a3c6d20b464c77ca7dbe8cf9e83c91dd337be,22991411280,Tether USD,USDT,6,116,69181,39163292341,41321,8980162,deprecated,6074789
16499168,1674834791,0xab23c5b1123c72a7fb64bfb641cc733af2dd93a640a9731c644b244646e78bb3,65,0x34382347a6680239f23d3f0a8ee2c737629cc48f1b8f31fcc8d88fb2587aafcb,0xe11a3c6d20b464c77ca7dbe8cf9e83c91dd337be,0xdac17f958d2ee523a2206206994597c13d831ec7,0x7b464929a7c7c9f59335211a0f699667322b4f14,23164000000,Tether USD,USDT,6,125,102411,40211649407,101337,7526393,deprecated,6074774
16571241,1675704503,0x26b0adb42a5b0e4c08201e4cccbf5623c488deed09920af14ad1c0288fb2990f,40,0xd9f2670a02f640649bdca09a6d49d9fd130f2f93299d1c3a066824a68c81287d,0x4a72907eeb02ff3e816fec0ca3356f45ba67d1ec,0xdac17f958d2ee523a2206206994597c13d831ec7,0xe11a3c6d20b464c77ca7dbe8cf9e83c91dd337be,30639616300,Tether USD,USDT,6,83,69181,30395983558,41321,9173557,deprecated,6002701
16571672,1675709699,0x21fd6e49d6a6c7e67897e2e8613e3de904bb661cbcaf0ad9300c56a90c529569,71,0x867182cc8ccf9ce0ef4783b4d976f11d27398438e888c5b71c42f03a2295c2e8,0xe11a3c6d20b464c77ca7dbe8cf9e83c91dd337be,0xdac17f958d2ee523a2206206994597c13d831ec7,0x7b464929a7c7c9f59335211a0f699667322b4f14,33332960000,Tether USD,USDT,6,57,102399,29852747914,101325,9857635,deprecated,6002270
16636595,1676493779,0x9e511a489abb7f5a17bf7f0dc6d30515fd9508d16548dee13e473cf852c1645e,43,0xeae9176e582e829542289cc456a735bf7a35719e4a2ed0f8fa3deb7d58247468,0x4a72907eeb02ff3e816fec0ca3356f45ba67d1ec,0xdac17f958d2ee523a2206206994597c13d831ec7,0xe11a3c6d20b464c77ca7dbe8cf9e83c91dd337be,17861922876,Tether USD,USDT,6,118,69181,60624912871,41321,9243014,deprecated,5937347
16636701,1676495051,0x69308ecbb33fa8104775969b6cbee2af113b83de4fa84754b4cf9c492b61ad22,77,0xe8ec9b88d9b0b0cf643d00e3861a89c529bacd00c7db6b025d0a49fd7da8f33e,0xe11a3c6d20b464c77ca7dbe8cf9e83c91dd337be,0xdac17f958d2ee523a2206206994597c13d831ec7,0x7b464929a7c7c9f59335211a0f699667322b4f14,33456520000,Tether USD,USDT,6,93,102423,51827816103,101349,7524500,deprecated,5937241
16771694,1678134647,0x175f60eef20ad9d639bb51efa3a00ba682c07d2dc19aa82105a612082e90d836,48,0x9ef665028eaf383334f65ea85ccde023c56155116b118a2d2e339cb82e1e0b1c,0x4a72907eeb02ff3e816fec0ca3356f45ba67d1ec,0xdac17f958d2ee523a2206206994597c13d831ec7,0xe11a3c6d20b464c77ca7dbe8cf9e83c91dd337be,32537960374,Tether USD,USDT,6,138,69181,43857492683,41321,13181424,deprecated,5802248
16771862,1678136711,0xdd5a41b7011f949fcf5fd74d7526fce125190eba259fa0ea0cadcbd689d61f10,89,0xcd156d71eb31842ab264c058c2dc5c42c3be2713bd47ba959b6e1e181992fc98,0xe11a3c6d20b464c77ca7dbe8cf9e83c91dd337be,0xdac17f958d2ee523a2206206994597c13d831ec7,0x7b464929a7c7c9f59335211a0f699667322b4f14,32790570000,Tether USD,USDT,6,86,102411,58026848976,101337,7010610,deprecated,5802080
16871594,1679348099,0xa2f3652240ec43209d531d73d2ea46bfb4380ff95735228c4b907ba95f186e35,51,0xb9bbe5ccfab71655245583616c95fce278614769caedd889ad3bea056eba8af4,0x4a72907eeb02ff3e816fec0ca3356f45ba67d1ec,0xdac17f958d2ee523a2206206994597c13d831ec7,0xe11a3c6d20b464c77ca7dbe8cf9e83c91dd337be,28911274901,Tether USD,USDT,6,92,69181,26968800641,41321,7271100,deprecated,5702348
16871605,1679348231,0x0f00109571cab0a6974750dbd836b206ca9b2a571bca56c0cec55e69259f3e84,94,0xb051994e33256313ae34783e926526f4cbeb693c1373b63d7c72626cd5f02410,0xe11a3c6d20b464c77ca7dbe8cf9e83c91dd337be,0xdac17f958d2ee523a2206206994597c13d831ec7,0x7b464929a7c7c9f59335211a0f699667322b4f14,29206370000,Tether USD,USDT,6,14,85052,23727172783,84249,1997761,deprecated,5702337
16973638,1680588047,0xd14d133601095817437ad71e626bd9cc14eb4ca4094efa96176fa2bdacd5a5ea,55,0x0bfc06bbf55f25562cbf7f753a460a782e43e64a687ef460cc127789c68285d9,0x4a72907eeb02ff3e816fec0ca3356f45ba67d1ec,0xdac17f958d2ee523a2206206994597c13d831ec7,0xe11a3c6d20b464c77ca7dbe8cf9e83c91dd337be,33360812206,Tether USD,USDT,6,118,69181,18692542773,41321,8870296,deprecated,5600304
16973750,1680589415,0xead0a8daeb48e4899dbd4322f72b7795cc2f80c2067552fd1508f6b87ac2b6d6,56,0x8d21054aefa09d02dbc24d5d08ec986cec45244fa400c2261746d5c8f64de195,0xe11a3c6d20b464c77ca7dbe8cf9e83c91dd337be,0xdac17f958d2ee523a2206206994597c13d831ec7,0x7b464929a7c7c9f59335211a0f699667322b4f14,33374000000,Tether USD,USDT,6,56,85052,18508463736,80443,5669554,deprecated,5600192
17065978,1681728167,0x980601e6404be37be748f37378bacdf832ee142ad9c2ab463e930fe54ca39b89,61,0x43b6b89242fe1805f58e04ec974aa504b7c86f1ae27157c537e00345a20312da,0x4a72907eeb02ff3e816fec0ca3356f45ba67d1ec,0xdac17f958d2ee523a2206206994597c13d831ec7,0xe11a3c6d20b464c77ca7dbe8cf9e83c91dd337be,31404939448,Tether USD,USDT,6,102,69181,25844819975,41321,8345304,deprecated,5507964
17067024,1681740935,0x45775076645e513dbdee3d3065503fad742be229db91583b6343be2bf43f2304,106,0xf00eb3d8e630384f019ed6015d87a941c90cae12574e1a606ee9ceed9ee32dbb,0xe11a3c6d20b464c77ca7dbe8cf9e83c91dd337be,0xdac17f958d2ee523a2206206994597c13d831ec7,0x7b464929a7c7c9f59335211a0f699667322b4f14,31553730000,Tether USD,USDT,6,90,102423,43258597546,101349,5397447,deprecated,5506918
17221183,1683614531,0x0e0f46e1850076b61ea2f7909ea536bb458a620300fa77576d089fd02bc3a8b1,70,0x4eeb5f2116fc9b81452b378ccf25ce937ed8eaf3521ae640fdcb3972ce597046,0x4a72907eeb02ff3e816fec0ca3356f45ba67d1ec,0xdac17f958d2ee523a2206206994597c13d831ec7,0xe11a3c6d20b464c77ca7dbe8cf9e83c91dd337be,21632682245,Tether USD,USDT,6,175,69181,57093369992,41321,15217248,deprecated,5352759
17223167,1683638639,0xdfd8de8393e7cf1aa54118799be9cd71868ca0e4ce46f8ad986814a4dfe59c88,72,0x9e55618b8f12369f2654eb3fe899a33d05513026c8b365f9f5c23565771115fd,0x4a72907eeb02ff3e816fec0ca3356f45ba67d1ec,0xdac17f958d2ee523a2206206994597c13d831ec7,0xe11a3c6d20b464c77ca7dbe8cf9e83c91dd337be,1486832290,Tether USD,USDT,6,155,69163,103759592113,41309,12500187,deprecated,5350775
17223195,1683638975,0x48b187c9450221e479ca1f289452a7d95266beffeb2d940c56ce27a5e2baba11,74,0x19b49089e6fb49bd0bd9738940340e7c86f20a31fc0e58b8712015f995caaa3a,0x4a72907eeb02ff3e816fec0ca3356f45ba67d1ec,0xdac17f958d2ee523a2206206994597c13d831ec7,0xe11a3c6d20b464c77ca7dbe8cf9e83c91dd337be,203126855,Tether USD,USDT,6,105,69163,97152649096,41309,8071548,deprecated,5350747
17223231,1683639419,0x79d2bef211434d032b63e93d8f41910fc71b20335bfeb968f751cf996d64afd7,74,0xa278584559121ffc166da3ce0af75a7d6b9a27edad733c5c060392ad0f76c391,0xe11a3c6d20b464c77ca7dbe8cf9e83c91dd337be,0xdac17f958d2ee523a2206206994597c13d831ec7,0x7b464929a7c7c9f59335211a0f699667322b4f14,23830000000,Tether USD,USDT,6,51,102423,99267917806,101349,4102399,deprecated,5350711
17293909,1684503875,0x3641d3c86a0159443d8080ef905024c6f843ad7bd56ccc230af7571c8dce8042,85,0x9e70d5ea8064624b0b43130f687856d9802cbef03d4ebb20b9a2fb6d5c202409,0x4a72907eeb02ff3e816fec0ca3356f45ba67d1ec,0xdac17f958d2ee523a2206206994597c13d831ec7,0xe11a3c6d20b464c77ca7dbe8cf9e83c91dd337be,31717776406,Tether USD,USDT,6,116,69181,56290399292,41321,10833131,deprecated,5280033
17294863,1684515431,0x4f352d37f83ecb6b28691720140d3d281b6f0f39ae07c672421e684a7aa64ad6,80,0x925f246ddb0a81d39df76d9201e4f977afdd0ba2250ef061f118507cb9d7262c,0xe11a3c6d20b464c77ca7dbe8cf9e83c91dd337be,0xdac17f958d2ee523a2206206994597c13d831ec7,0x7b464929a7c7c9f59335211a0f699667322b4f14,31691150000,Tether USD,USDT,6,85,102399,49168155095,101325,7033781,deprecated,5279079
17411897,1685938535,0xc4b1de541807567a00941f439bbe9e31e84be97894ee4f7abe352376dbdb7200,91,0xbd1492e7b246d16490784108f89b26727c6a726192e3fd9255e9f7d69ea5558b,0x4a72907eeb02ff3e816fec0ca3356f45ba67d1ec,0xdac17f958d2ee523a2206206994597c13d831ec7,0xe11a3c6d20b464c77ca7dbe8cf9e83c91dd337be,21833361797,Tether USD,USDT,6,99,69181,19262177918,41321,9398908,deprecated,5162045
17412938,1685951279,0xce8148c827b32f223107765cdd30f5c1e94411e7faa6e7056e7ed1ed6633f185,142,0xb9c79201b92b031b8fbdfe377f8a2c24f7e59cabe2d7eadc5e7da917ef331629,0xe11a3c6d20b464c77ca7dbe8cf9e83c91dd337be,0xdac17f958d2ee523a2206206994597c13d831ec7,0x7b464929a7c7c9f59335211a0f699667322b4f14,20303850000,Tether USD,USDT,6,38,102411,22443320811,101337,9291861,deprecated,5161004
17491852,1686911843,0xf35f4fd2ce8c653c4bb65aab923b222b344caf66d2d5bf996d744bb0b41fa17a,95,0x7d9e431bf572f295d7ae500df3af1d5b38adacac657b13d8d1ca8b523a05e793,0x4a72907eeb02ff3e816fec0ca3356f45ba67d1ec,0xdac17f958d2ee523a2206206994597c13d831ec7,0xe11a3c6d20b464c77ca7dbe8cf9e83c91dd337be,27259668465,Tether USD,USDT,6,14,69181,14705753475,41321,1836886,deprecated,5082090
17491910,1686912551,0x0c093ca2d3c39417b2b9158f41236474c38ee3183f6d66f92073cb1153740c06,147,0x355a505f25a381a0695d81a592345d6b1082ad4855c2559f34fca76a8081abf4,0xe11a3c6d20b464c77ca7dbe8cf9e83c91dd337be,0xdac17f958d2ee523a2206206994597c13d831ec7,0x7b464929a7c7c9f59335211a0f699667322b4f14,26749340000,Tether USD,USDT,6,116,102423,16176152494,101349,8615196,deprecated,5082032
17576335,1687937339,0x26016ac88dc65347123d98109f2ef3aad090bf0ecd78d31b5f91b8d32c4f1c12,97,0xa4144a11949c01107cdb2409c6202f995c6f7533eef0480b1672ba06840779a6,0x4a72907eeb02ff3e816fec0ca3356f45ba67d1ec,0xdac17f958d2ee523a2206206994597c13d831ec7,0xe11a3c6d20b464c77ca7dbe8cf9e83c91dd337be,25393504975,Tether USD,USDT,6,103,69181,20696362075,41321,9846843,deprecated,4997607
17576504,1687939367,0xdef0545d3a7ed07cab1d1663897ec268a7fc5a73efdfc345cf0e9c3588b387a1,151,0xcd5aa38ce2f2bc42881ef56320752bb42d723d262db2594a9120ced60e02bcaf,0xe11a3c6d20b464c77ca7dbe8cf9e83c91dd337be,0xdac17f958d2ee523a2206206994597c13d831ec7,0x7b464929a7c7c9f59335211a0f699667322b4f14,25620000000,Tether USD,USDT,6,64,102411,22708551244,101337,7598274,deprecated,4997438
17676198,1689149327,0x900c6cd4956956b1a76550ef2e391cc4380c1ea3b0be42e09068881d6eaf2635,102,0xc451ff56a207ce2bd3018f463bacc8f2225a08e074092db8ea21141a2c03a9d4,0x4a72907eeb02ff3e816fec0ca3356f45ba67d1ec,0xdac17f958d2ee523a2206206994597c13d831ec7,0xe11a3c6d20b464c77ca7dbe8cf9e83c91dd337be,26482302758,Tether USD,USDT,6,96,69181,14874108108,41321,10122189,deprecated,4897744
17676284,1689150371,0xd9027c2e2aa4f1341e4ec2b693da9e6acfed1d3e30c8b073a2a84abd285bdf25,152,0xa364e90cf12e294b9e646d27ea01781998c2a45050cb5f81df618082c39dcdaa,0xe11a3c6d20b464c77ca7dbe8cf9e83c91dd337be,0xdac17f958d2ee523a2206206994597c13d831ec7,0x7b464929a7c7c9f59335211a0f699667322b4f14,26711000000,Tether USD,USDT,6,97,102423,15495060673,101349,20554674,deprecated,4897658
17790242,1690531451,0x1d8e5d1948de314c184323363efc39b29a6eee880caa2498066e7af4b977c8e1,107,0xbbde2fcbe115e38c7ac5b207b58dbe0def817276c591c99abdd96b6f6a2fc613,0x4a72907eeb02ff3e816fec0ca3356f45ba67d1ec,0xdac17f958d2ee523a2206206994597c13d831ec7,0xe11a3c6d20b464c77ca7dbe8cf9e83c91dd337be,32260667061,Tether USD,USDT,6,94,69181,24137376714,41321,8720542,deprecated,4783700
17792906,1690563671,0x32a3c0c72f77254f0bcbbaf3d565a59f16f207353102ef1787e887b0335c6092,159,0x6aa84b502136f000a47d0b6e40d84abb4feb3b69601b03f5e042a5c5034a20bf,0xe11a3c6d20b464c77ca7dbe8cf9e83c91dd337be,0xdac17f958d2ee523a2206206994597c13d831ec7,0x7b464929a7c7c9f59335211a0f699667322b4f14,32487510000,Tether USD,USDT,6,69,102423,86826417125,101349,7670438,deprecated,4781036
17890781,1691746439,0x3677a925d04f845f4ec61111fbe2dc293db210585ec9a7747d0babcf10491d59,109,0x3c4337b72013b5afa6478d60feab6635a01c00b62e05b3245ca815665c0725ec,0x4a72907eeb02ff3e816fec0ca3356f45ba67d1ec,0xdac17f958d2ee523a2206206994597c13d831ec7,0xe11a3c6d20b464c77ca7dbe8cf9e83c91dd337be,35802873741,Tether USD,USDT,6,122,69181,17120360848,41321,11224323,deprecated,4683161
17890900,1691747903,0xadc7c6eb8c3e7fadd1adaab7641128cc0cd077e65bfe413126d1fe7c0b72890b,165,0x006eb55b0479da09f54b1a4c680a63cbb34943d35001bdbb7c33eff585c8af24,0xe11a3c6d20b464c77ca7dbe8cf9e83c91dd337be,0xdac17f958d2ee523a2206206994597c13d831ec7,0x7b464929a7c7c9f59335211a0f699667322b4f14,36064170000,Tether USD,USDT,6,49,102423,21635404581,101349,4324300,deprecated,4683042
17976257,1692779831,0x2e0b6fd3024aed0cfdd05d2bc08c0a7262375d8c9a2bc5b5c24b478b1407b8bc,110,0x65b6419572f2b966f119d774fd2c20970477ac77a9eab9a94acf5fa6bf2ff256,0x4a72907eeb02ff3e816fec0ca3356f45ba67d1ec,0xdac17f958d2ee523a2206206994597c13d831ec7,0xe11a3c6d20b464c77ca7dbe8cf9e83c91dd337be,33875754260,Tether USD,USDT,6,128,69181,16567203218,41321,23223251,deprecated,4597685
17976378,1692781283,0x1b4b61ec50385bfaeecdcda5b4efed629bb3b02261289e1f61bdbe7937defd8d,172,0xdee2a754bd414d184665be00ebe3a403ea4ff206cb33c37a654ec99e37ca51fa,0xe11a3c6d20b464c77ca7dbe8cf9e83c91dd337be,0xdac17f958d2ee523a2206206994597c13d831ec7,0x7b464929a7c7c9f59335211a0f699667322b4f14,33872900000,Tether USD,USDT,6,17,102423,17955029766,101349,2168602,deprecated,4597564
18092165,1694181767,0x370bb84c27984185693e6f7fb68e039105405757d2d160c094de525526396e45,120,0x5794663e4b298252ffa496f28e16f261950dff4ae511c61cecf7c7b5613c5e1a,0x4a72907eeb02ff3e816fec0ca3356f45ba67d1ec,0xdac17f958d2ee523a2206206994597c13d831ec7,0xe11a3c6d20b464c77ca7dbe8cf9e83c91dd337be,35624256616,Tether USD,USDT,6,108,69181,16338927523,41321,10263875,deprecated,4481777
18092428,1694184959,0xb1a776018105f19ab2e7f61f506fa622e3c66a2b0ea483460777e294a82f19a8,180,0xa746189ca0b9eb264182ca96377ef5e01959dc7abee595f9acb42c0f5c2bf511,0xe11a3c6d20b464c77ca7dbe8cf9e83c91dd337be,0xdac17f958d2ee523a2206206994597c13d831ec7,0x7b464929a7c7c9f59335211a0f699667322b4f14,35613960000,Tether USD,USDT,6,57,102423,17497302623,101349,6091516,deprecated,4481514
18189100,1695357971,0xb0d97bc4f631562ddd0d4b28b6ff32d57174a58a1ea023f8740815a2db395691,147,0x8b43f21a8b706a93d470ced0dda9f07941a0cc867c3e72e2b07910ce9a71b2ef,0x4a72907eeb02ff3e816fec0ca3356f45ba67d1ec,0xdac17f958d2ee523a2206206994597c13d831ec7,0xe11a3c6d20b464c77ca7dbe8cf9e83c91dd337be,31324303451,Tether USD,USDT,6,120,69181,7083592939,41321,29438023,deprecated,4384842
18191228,1695383843,0x7f25bcd2fa900d211bb3a3d7eb54fba2d9e98d7187ebc753de3ae9b176d49d96,150,0xdac03dfd9aa808d00c73d5a9bafa205bfa156816ea8b39712c548f99fa110fa6,0x4a72907eeb02ff3e816fec0ca3356f45ba67d1ec,0xdac17f958d2ee523a2206206994597c13d831ec7,0xe11a3c6d20b464c77ca7dbe8cf9e83c91dd337be,4580838006,Tether USD,USDT,6,103,69181,9807128175,41321,10894877,deprecated,4382714
18191352,1695385343,0xb8752be9aa75d55cadee9d90149c88d6c5c91cc3d86b8a21f153e51a3d0a53a5,131,0x6046aa8f63123c0eec05d121e448f1d4eba76553b151e493ab9f34dd4f9a9bde,0xe11a3c6d20b464c77ca7dbe8cf9e83c91dd337be,0xdac17f958d2ee523a2206206994597c13d831ec7,0x7b464929a7c7c9f59335211a0f699667322b4f14,36016430000,Tether USD,USDT,6,44,102423,9596610759,101349,3327807,deprecated,4382590
18371217,1697559287,0xb8421058655b55cd84361789703ca667d6778b9ea442792d7fb00d5d110359bd,169,0x2b61b8ecacf9aeb5d37c4c6dfb928d3ef4d4fac5f5816e1839623f18b07d4b9a,0x4a72907eeb02ff3e816fec0ca3356f45ba67d1ec,0xdac17f958d2ee523a2206206994597c13d831ec7,0xe11a3c6d20b464c77ca7dbe8cf9e83c91dd337be,55801229870,Tether USD,USDT,6,30,69181,19521894454,46121,1736390,deprecated,4202725
18371266,1697559875,0x095e4d21894babd9e3d75c6493f59898e7d6f2b1850321643e06014d658383a1,146,0xf3cc25ae08269732effa9f8c08d31cfca98c5b9afb6bce8d738d45cdd00c26e6,0xe11a3c6d20b464c77ca7dbe8cf9e83c91dd337be,0xdac17f958d2ee523a2206206994597c13d831ec7,0x7b464929a7c7c9f59335211a0f699667322b4f14,23919520000,Tether USD,USDT,6,40,102411,16766934547,101337,2999649,deprecated,4202676
18371272,1697559947,0xd9ff0eb6353b26705561504fbba73e4c28643d9d0bfc87c33f103a529c907659,171,0xcf5e8825b78ce07a90baa97c93a6aa17ee7b36466d532277da56086c175002cd,0xe11a3c6d20b464c77ca7dbe8cf9e83c91dd337be,0xdac17f958d2ee523a2206206994597c13d831ec7,0x7b464929a7c7c9f59335211a0f699667322b4f14,31892690000,Tether USD,USDT,6,64,85040,14000000000,80443,5258658,deprecated,4202670
18527375,1699448159,0xee0a2d7c76ab2581a5cdc87cc4f65f328228e822e13599d719651ee81c373e33,128,0xc0a14c754f7314c77a3d3a5765698e30dcbe98966d8fe2b7a33c5ad97f42cd03,0x75ff84530c0628485127c8501fad8a555307488c,0xdac17f958d2ee523a2206206994597c13d831ec7,0xe11a3c6d20b464c77ca7dbe8cf9e83c91dd337be,100000000000,Tether USD,USDT,6,38,88322,35473893648,87475,2388512,deprecated,4046567
18531292,1699495427,0xa21c51ed69f8c184866e58f52fecd85677cf77de9993ea61d55caeffde1fa7f4,172,0xad510e2e4224b4f1271e885d4690e8ee461f8619e61ed9163f10eb3128b9066d,0xe11a3c6d20b464c77ca7dbe8cf9e83c91dd337be,0xdac17f958d2ee523a2206206994597c13d831ec7,0x7b464929a7c7c9f59335211a0f699667322b4f14,34954920000,Tether USD,USDT,6,86,85052,32140191974,80443,7597750,deprecated,4042650
18531722,1699500647,0x5c4091f885140b6cb1a8cdc1993597ae0357507dfcc8b4bb8e952e867bed510b,173,0x0035372582abd292bc04b37539e96d569548e43f3bf3e5498aa81ff659805404,0xe11a3c6d20b464c77ca7dbe8cf9e83c91dd337be,0xdac17f958d2ee523a2206206994597c13d831ec7,0x7b464929a7c7c9f59335211a0f699667322b4f14,36064600000,Tether USD,USDT,6,38,85052,32000000000,80443,4734386,deprecated,4042220
18575465,1700029175,0x09a9a3e50f00b177e9015fec5232d7594d0f065e7740f0a24f012e57f9b057a4,154,0xbc81a64b0d019a8c68900c3e8618959ce2e9d85a63dd00874fbdaaf887ce8072,0xe11a3c6d20b464c77ca7dbe8cf9e83c91dd337be,0xdac17f958d2ee523a2206206994597c13d831ec7,0x21516572cf3c12054f9e612788b20bea1a6bfa0a,6000000000,Tether USD,USDT,6,48,102411,25326380820,101337,4754072,deprecated,3998477
18575480,1700029355,0xeb6a3b3fb14aedaa7647d8e877da59a90812910c24909c87c619e6cb7ed3b506,175,0xb03b8f6a0e86da0e038612a5c9f5cfa6fc414016a245a4f7a02279b907a9dff1,0xe11a3c6d20b464c77ca7dbe8cf9e83c91dd337be,0xdac17f958d2ee523a2206206994597c13d831ec7,0x5b6b4af06798a8c85e8c5effd69b112623e97fd3,4000000000,Tether USD,USDT,6,51,85016,24541284620,80407,3568241,deprecated,3998462
18577065,1700048651,0x799a9fd205effa9a970c17acbe221349367aed5271021c59cc9e5d5f3c143595,131,0xd292c8d00fe3b4687aab350bfea699b7fe5b5f6eb15e256994fdcf7c8f1a295d,0xe11a3c6d20b464c77ca7dbe8cf9e83c91dd337be,0xdac17f958d2ee523a2206206994597c13d831ec7,0x3154677b603c2b30810b46a56b46892aa09d60e2,10000000000,Tether USD,USDT,6,48,81158,26787509730,80407,5197560,deprecated,3996877
18577248,1700050847,0x1163da4d9b5aae9d2abb35509028d79a9bc40c3ec2886bf23fad9356bebbfc4d,192,0xc2a831ebbf3e6a42d42ae03497f7b2a11e8d7ce91ac87768ab52bea975b6b598,0xe11a3c6d20b464c77ca7dbe8cf9e83c91dd337be,0xdac17f958d2ee523a2206206994597c13d831ec7,0xc7487391e49d093ec15e31142e05e67aa1f2ca83,500000000,Tether USD,USDT,6,80,102399,30939795019,101325,6624074,deprecated,3996694
18692529,1701445403,0x9b7858d13e6c69ded3c1873cb363c5c4d226f0f1842f1ecec1266758f1b09d11,133,0x30f234a19eeb1f7ff06f0c4a0bc375af247c35b5da7d4a6654b38487ad09012a,0x75ff84530c0628485127c8501fad8a555307488c,0xdac17f958d2ee523a2206206994597c13d831ec7,0xe11a3c6d20b464c77ca7dbe8cf9e83c91dd337be,100000000000,Tether USD,USDT,6,40,88334,58109369000,87487,4968638,deprecated,3881413
18712124,1701682319,0x421e5f639fa3655685aa6aac5089d9c053b8a9b1aa174794ba552cbf06083a41,195,0x61453d2ce99fd1ac6abc8eab127c17ff623fc982f16ea97aeaa6a139226ad38c,0xe11a3c6d20b464c77ca7dbe8cf9e83c91dd337be,0xdac17f958d2ee523a2206206994597c13d831ec7,0x7b464929a7c7c9f59335211a0f699667322b4f14,29859160000,Tether USD,USDT,6,133,102411,41320368169,101337,8558273,deprecated,3861818
18712131,1701682403,0xdf36ab9ef9b4375266a9d067d4450dcf3440f9f9427f5aade1cee5188228b673,179,0x0059ae722b993f3654f3c42468a3b1a7033753b8c18465ce1e70a0cdd3844851,0xe11a3c6d20b464c77ca7dbe8cf9e83c91dd337be,0xdac17f958d2ee523a2206206994597c13d831ec7,0x7b464929a7c7c9f59335211a0f699667322b4f14,35492960000,Tether USD,USDT,6,76,85040,37870632468,80431,4160116,deprecated,3861811
18779061,1702492475,0x09c17eb18ed626fab3b071d9c195d129589302eaa936f30de5a750bdd6f738ab,139,0xaa6646ef4d31d8245cc7dce62c86f3511424efd1c2cb6efcabd36931dfe83b06,0xe11a3c6d20b464c77ca7dbe8cf9e83c91dd337be,0xdac17f958d2ee523a2206206994597c13d831ec7,0x0f6889f7de048f0c913e919cbe8e7aa4a55c48b1,1125000000,Tether USD,USDT,6,77,98529,78451765022,97507,4521986,deprecated,3794881
18784067,1702553075,0x4117a68d006063efb753a133da2d44a13fd869287563645316b563e6bd2270f7,197,0xe3909fd0c75b95886e39951c187aac3432085b8438648a7639beaf9ace544332,0xe11a3c6d20b464c77ca7dbe8cf9e83c91dd337be,0xdac17f958d2ee523a2206206994597c13d831ec7,0xb104c36540604bc406a4d8510b1b82d30b5cdb78,22919290000,Tether USD,USDT,6,63,102411,39065738177,101337,5290776,deprecated,3789875
18791128,1702638563,0x1b5e53254f2656f438ac4898cdab8155fa670fa94552ff9772ebc473968042ce,181,0x0e636bbbc427a55c53925365c8cf93158a8ad73a0867cf6d9eaa3f470b441e41,0xe11a3c6d20b464c77ca7dbe8cf9e83c91dd337be,0xdac17f958d2ee523a2206206994597c13d831ec7,0x5b6b4af06798a8c85e8c5effd69b112623e97fd3,4000000000,Tether USD,USDT,6,355,85016,50461212249,80419,15896139,deprecated,3782814
18791356,1702641335,0x362dc524c3c438884523f12a2d96db439a08ddae62f59b4083a2aa1eebeee03d,140,0x671f122d860cb5ad7cc747fe881b25bf8a5ed11af93db827efcd5477e29d2eb5,0x75ff84530c0628485127c8501fad8a555307488c,0xdac17f958d2ee523a2206206994597c13d831ec7,0xe11a3c6d20b464c77ca7dbe8cf9e83c91dd337be,100000000000,Tether USD,USDT,6,74,88334,54592359794,87487,4909262,deprecated,3782586
18797760,1702719215,0x22ed8b9ad718fdb3d9b953af38ad3f3c110ab450b9d6e904df18670b57b32090,200,0xa31bc63689cfab3788a7017b1b88ba3bd9db90d590a89c71957321dfbfc18d47,0xe11a3c6d20b464c77ca7dbe8cf9e83c91dd337be,0xdac17f958d2ee523a2206206994597c13d831ec7,0x9886e1f4161b673da0ccc37bb5eefdc46e3a4968,20000000000,Tether USD,USDT,6,72,102411,36769705952,101337,4506375,deprecated,3776182
18797761,1702719227,0x25e024436d1607799886def26fd6aa5ae3cd492626a98c247b9ef07fd681a93e,155,0x0d93ec37ab9dd1e1bf003106595260e032a0315f5122c77b4db577df904764c9,0x9886c5f4d6d1125550cec02e91afb0637f8a4968,0xdac17f958d2ee523a2206206994597c13d831ec7,0xe11a3c6d20b464c77ca7dbe8cf9e83c91dd337be,2000100,Tether USD,USDT,6,141,212004,34459692577,172218,10370154,deprecated,3776181
18812562,1702898699,0x20defc678511e2b40815d8f715421658656deaa6a68acdcf79b98022321b88fa,202,0xffecb3c2251810cb6be1579b30b09950abf93ebec176e31573e683b5df5ba059,0xe11a3c6d20b464c77ca7dbe8cf9e83c91dd337be,0xdac17f958d2ee523a2206206994597c13d831ec7,0x4a72907eeb02ff3e816fec0ca3356f45ba67d1ec,200000000,Tether USD,USDT,6,69,85004,36086641041,84201,6247054,deprecated,3761380
18813662,1702912091,0xb25f5172c1879553388579ac112677aeb93f46643a4d14ff711c4ff5fd17c749,203,0x4f4e376572cc2eb0392e52e0d603010f35e7ae311b7a9c3e16bf8c536ca2726b,0xe11a3c6d20b464c77ca7dbe8cf9e83c91dd337be,0xdac17f958d2ee523a2206206994597c13d831ec7,0x7b464929a7c7c9f59335211a0f699667322b4f14,37756500000,Tether USD,USDT,6,51,102423,129176653877,101349,6471298,deprecated,3760280
18891229,1703852807,0xf240c99b5a40571ef75bd621e719da7fcc750d7731558a021f714318344f03fa,144,0xa3a80cb8dd3e53eca9aad4eeb8956ae4606a1452feecf63656dafddaf2eeb0ca,0xe11a3c6d20b464c77ca7dbe8cf9e83c91dd337be,0xdac17f958d2ee523a2206206994597c13d831ec7,0x0f6889f7de048f0c913e919cbe8e7aa4a55c48b1,562500000,Tether USD,USDT,6,44,98529,21636004869,97507,3781954,deprecated,3682713
18962271,1704716579,0x5f88cf9a937bba3d00a0c03895b5e3b33df93963f74b01e93bd92cc3e5866292,145,0xcded140b6baafda8c78f5e30aabc49c1308b0d5b7dba6679367407421134db42,0xe11a3c6d20b464c77ca7dbe8cf9e83c91dd337be,0xdac17f958d2ee523a2206206994597c13d831ec7,0x0f6889f7de048f0c913e919cbe8e7aa4a55c48b1,2500000000,Tether USD,USDT,6,41,98517,25000000000,97495,9228621,deprecated,3611671
18976737,1704891947,0x462a9984ecd2bced428b8d07d58531aecb6c2b1b9f272a73d453c599ac792527,207,0x4932b1dff4e2020b35fd90442423d656ceeddd97c6ac00509b7204df5cbe6434,0xe11a3c6d20b464c77ca7dbe8cf9e83c91dd337be,0xdac17f958d2ee523a2206206994597c13d831ec7,0x7b464929a7c7c9f59335211a0f699667322b4f14,34715160000,Tether USD,USDT,6,68,102411,77042268939,101337,7281392,deprecated,3597205
18977544,1704901715,0xe80d957f4403dec8ecf743887be45d74b8ef66330655cd8ddfe4fe34247c67b1,147,0xfaff53a7c2ef4c77974571fff2a0f601da32eac7d3659034bf19de63ff189039,0x75ff84530c0628485127c8501fad8a555307488c,0xdac17f958d2ee523a2206206994597c13d831ec7,0xe11a3c6d20b464c77ca7dbe8cf9e83c91dd337be,100000000000,Tether USD,USDT,6,81,88322,48731270996,87475,5732955,deprecated,3596398
18977610,1704902507,0x724d944e79e2964e6208d5b378e599a4c41d8234939a135e6682108e359dea85,208,0xec9ec7e67122cfa072e38b56a7e90777232f7ef282c467e62ecf78dfc2c39adc,0xe11a3c6d20b464c77ca7dbe8cf9e83c91dd337be,0xdac17f958d2ee523a2206206994597c13d831ec7,0x7b464929a7c7c9f59335211a0f699667322b4f14,32933300000,Tether USD,USDT,6,107,102423,58108433727,101349,14525035,deprecated,3596332
19010898,1705304927,0xf233182ee1cea1c4578f15fb5051c2e7b7d38ca93466c6ca204042fb0e587ad6,209,0x1dc07e0d80d25ec137858478f315f717401bf7c1ec27ee6b95d7fcff2ba7c580,0xe11a3c6d20b464c77ca7dbe8cf9e83c91dd337be,0xdac17f958d2ee523a2206206994597c13d831ec7,0xb104c36540604bc406a4d8510b1b82d30b5cdb78,23020960000,Tether USD,USDT,6,9,102411,18119443451,101337,1224203,deprecated,3563044
19010904,1705305011,0x9afc469e8a34f7a32d4e7801dbd27dac427c7233aa05b6d9251a76f7ef579fc4,210,0x78182c10499b46e9882834b1dc7ebc6f43298ef7e0c794a378e9d3b868f366dc,0xe11a3c6d20b464c77ca7dbe8cf9e83c91dd337be,0xdac17f958d2ee523a2206206994597c13d831ec7,0x3154677b603c2b30810b46a56b46892aa09d60e2,10000000000,Tether USD,USDT,6,86,85040,19248196270,84237,5537797,deprecated,3563038
19011009,1705306271,0x10d0e5d1206a05f438b7def6111d262b710b8744bf50d3eda2ebcef0be513082,185,0x1cc30e01b0abc376c368b8d486232f6a7d21dccd90dad48a2c933fd8c35c82a5,0xe11a3c6d20b464c77ca7dbe8cf9e83c91dd337be,0xdac17f958d2ee523a2206206994597c13d831ec7,0x21516572cf3c12054f9e612788b20bea1a6bfa0a,6000000000,Tether USD,USDT,6,78,201217,20544881416,199542,6082734,deprecated,3562933
19011009,1705306271,0x10d0e5d1206a05f438b7def6111d262b710b8744bf50d3eda2ebcef0be513082,185,0x1cc30e01b0abc376c368b8d486232f6a7d21dccd90dad48a2c933fd8c35c82a5,0xe11a3c6d20b464c77ca7dbe8cf9e83c91dd337be,0xdac17f958d2ee523a2206206994597c13d831ec7,0x5b6b4af06798a8c85e8c5effd69b112623e97fd3,4000000000,Tether USD,USDT,6,78,201217,20544881416,199542,6082734,deprecated,3562933
19011009,1705306271,0x10d0e5d1206a05f438b7def6111d262b710b8744bf50d3eda2ebcef0be513082,185,0x1cc30e01b0abc376c368b8d486232f6a7d21dccd90dad48a2c933fd8c35c82a5,0xe11a3c6d20b464c77ca7dbe8cf9e83c91dd337be,0xdac17f958d2ee523a2206206994597c13d831ec7,0x7a46020e959cf97f2adc891cc0ed088a0c166527,4000000000,Tether USD,USDT,6,78,201217,20544881416,199542,6082734,deprecated,3562933
19011035,1705306583,0x5a97e86cd5fdf3f8d0659e731f95eccba519bf8d311099b6d00ffe5f36ae6c98,148,0x767782c8b1c25135b7d33ecf30aaf26c955a6c50291b0d91fa269ef17b5d183b,0xe11a3c6d20b464c77ca7dbe8cf9e83c91dd337be,0xdac17f958d2ee523a2206206994597c13d831ec7,0x9886e1f4161b673da0ccc37bb5eefdc46e3a4968,35236320000,Tether USD,USDT,6,68,81170,19843863836,80419,5532773,deprecated,3562907
19061478,1705916807,0x15b98e2364aebc7986a4f5214fb71fa146c72736f5aa2344322c62f40b9eb4aa,211,0xdb12bd4bf9638d0ccdeb2f5fd18320de2a94bc272d00aa4b12e411294bb3d2bb,0xe11a3c6d20b464c77ca7dbe8cf9e83c91dd337be,0xdac17f958d2ee523a2206206994597c13d831ec7,0xe5ea222c37cd23f37c6f35c51d2c008479ea1bc2,552240000,Tether USD,USDT,6,18,102399,17312947080,101325,2952408,deprecated,3512464
19062495,1705929191,0xe714a90b7c784807643cfd22bf724190b321deaab032f05db061bf7b2895087e,149,0xe6846bf0646fe5363ece38ca1eca2975e348d2dde3af69dffcc3f36971f5f1eb,0x75ff84530c0628485127c8501fad8a555307488c,0xdac17f958d2ee523a2206206994597c13d831ec7,0xe11a3c6d20b464c77ca7dbe8cf9e83c91dd337be,100000000000,Tether USD,USDT,6,74,88334,18717665026,87487,8723178,deprecated,3511447
19063923,1705946651,0x72b9c9bd70e53c627b23db7f7e366431540a17228ced1d1da6ac37f6fbf1eb18,212,0x158877d2fbb4aa582af9d41cfed6b44542330d00009d01009bfe7fc531616002,0xe11a3c6d20b464c77ca7dbe8cf9e83c91dd337be,0xdac17f958d2ee523a2206206994597c13d831ec7,0x7b464929a7c7c9f59335211a0f699667322b4f14,42810000000,Tether USD,USDT,6,110,102423,25538555513,101349,6867898,deprecated,3510019
19084552,1706196827,0xfb49bf23f3c584b274e8333160a6f561022e9ada0cf2e76d91c95590aef97a96,215,0x7c92d6456c60ab3d0a2262764939d0e087103e46b7dcad5bac5bff1ad116c949,0xe11a3c6d20b464c77ca7dbe8cf9e83c91dd337be,0xdac17f958d2ee523a2206206994597c13d831ec7,0x7b464929a7c7c9f59335211a0f699667322b4f14,20597410000,Tether USD,USDT,6,64,102423,45338804519,101349,4500900,deprecated,3489390
19090762,1706271923,0xd40875a13b46a77d50ad944baf5d7222dec098f7ea37bb901eed7390dddd2606,151,0xd5ae8d1da0e2ba6143131751fb96122b4f9d6bddfca3108d48bee3c8eb3937e5,0xe11a3c6d20b464c77ca7dbe8cf9e83c91dd337be,0xdac17f958d2ee523a2206206994597c13d831ec7,0x0f6889f7de048f0c913e919cbe8e7aa4a55c48b1,2500000000,Tether USD,USDT,6,31,98529,24578969804,97507,1865072,deprecated,3483180
19112923,1706540243,0xd2e477de4f9f801601c05460c241df501024655dda341e3f801dbb64912f691f,153,0x0351e0284b8cb206cdc82920a3230d2fee748371c56fb1d4464077675390fa5d,0xe11a3c6d20b464c77ca7dbe8cf9e83c91dd337be,0xdac17f958d2ee523a2206206994597c13d831ec7,0xef5d933c01044480442b431a7453d7dce699a8e9,5500000000,Tether USD,USDT,6,231,147812,18535925949,97519,16099158,deprecated,3461019
19163289,1707150947,0x260a20f94b15f86b98d3a1e898af8bf5a7f52105ca4e0fd6ef6e370c565f667f,154,0x9f14cb1fa9ac5306ab2fd4c6366d9d0ba0f6247d796a26b77e127bbd023129df,0x75ff84530c0628485127c8501fad8a555307488c,0xdac17f958d2ee523a2206206994597c13d831ec7,0xe11a3c6d20b464c77ca7dbe8cf9e83c91dd337be,100000000000,Tether USD,USDT,6,81,132590,29116823676,87463,7009771,deprecated,3410653
19163739,1707156431,0x14c088952dccd917ecae8e860f7b9cc616d8ce53fd32716b782a86c9f1ece660,190,0xc9b8fc80a8ee8fbca24253a652b8dd261253b4017ec369c334aff947e4ee4a84,0xe11a3c6d20b464c77ca7dbe8cf9e83c91dd337be,0xdac17f958d2ee523a2206206994597c13d831ec7,0x7b464929a7c7c9f59335211a0f699667322b4f14,46323110000,Tether USD,USDT,6,132,102423,25549249266,101349,10003241,deprecated,3410203
19177102,1707318419,0x2d99d04ea6366651f773223abb6129c9589bc9e9775b772832337a99604461b9,155,0x5d04ec7e3d249445cbbd7a4e005c6f8c096ed4de676af18452bd3b9f4452482d,0xe11a3c6d20b464c77ca7dbe8cf9e83c91dd337be,0xdac17f958d2ee523a2206206994597c13d831ec7,0x302f1ec46029a00457b1929c1aa5610471e9c682,2613840000,Tether USD,USDT,6,72,149190,50754384366,97519,6870161,deprecated,3396840
19184162,1707404003,0x034252d7ada41d887fbdfc35d909bb43405ea648e696adebfa0c8f0852faddcd,156,0x9366a8fb68dd4c03fceea3714683ec4c31a85ba2600bb5905b330d3af53b3c5c,0xe11a3c6d20b464c77ca7dbe8cf9e83c91dd337be,0xdac17f958d2ee523a2206206994597c13d831ec7,0xef3c53677db25c346f3b3a1106e1bfa92798e70e,10500000000,Tether USD,USDT,6,43,121982,76730149301,80419,4754972,deprecated,3389780
19191224,1707489599,0x3e3d64767a8645c349d0e8fd69553a7180c4c1aad36aaad3865516b5023cada4,217,0xfafca974dd06b76723d2c521a25729ddac754a51986f594c9321ad2325aa6324,0xe11a3c6d20b464c77ca7dbe8cf9e83c91dd337be,0xdac17f958d2ee523a2206206994597c13d831ec7,0xe159c80850fba5d34a34a9f18bed089d3c1be929,5000000000,Tether USD,USDT,6,33,102411,94346553440,101337,5704217,deprecated,3382718
19191346,1707491075,0xb62a2954f94c0e7a6a0cab168000b789adfbd43d958c04b79b36f266cf81b5ea,218,0x9a39b3aa8d5d87df0ac7488b35537815951f1657dff38c328e648e67e2121eaf,0xe11a3c6d20b464c77ca7dbe8cf9e83c91dd337be,0xdac17f958d2ee523a2206206994597c13d831ec7,0x4a72907eeb02ff3e816fec0ca3356f45ba67d1ec,250000000,Tether USD,USDT,6,40,85016,95843154153,84213,5150260,deprecated,3382596
19225132,1707900671,0x539180a250c9eb4270b4239a99b5d4e8b1c88e4d7a7f57fcbbdf1a62d63e0c90,219,0xbbfe6d8598215586577d91a1119f2cce5f485f5bf9cefe9102310acd7b504b13,0xe11a3c6d20b464c77ca7dbe8cf9e83c91dd337be,0xdac17f958d2ee523a2206206994597c13d831ec7,0xb104c36540604bc406a4d8510b1b82d30b5cdb78,22479030000,Tether USD,USDT,6,55,102411,21087922665,101337,4683095,deprecated,3348810
19232694,1707992423,0x69f8b146bea60dc39ea11d215e247ebd6f1553f358aa7dbbd7657a766c42596d,220,0x48803c3e3a674809699fe53f3a358c446832e68f70f4bfb5fd756c6ca959a493,0xe11a3c6d20b464c77ca7dbe8cf9e83c91dd337be,0xdac17f958d2ee523a2206206994597c13d831ec7,0x3154677b603c2b30810b46a56b46892aa09d60e2,10000000000,Tether USD,USDT,6,64,85154,25292264409,84237,5846811,deprecated,3341248
19232888,1707994775,0xf4d41d99a35878a1220112b77aef7f35fb7b8c962bb85e66da3759f43f53fed6,193,0x479a82d5565ee576a1615a94a31b28e4919c126033184b9b810ddb83b0ffcd4d,0xe11a3c6d20b464c77ca7dbe8cf9e83c91dd337be,0xdac17f958d2ee523a2206206994597c13d831ec7,0x21516572cf3c12054f9e612788b20bea1a6bfa0a,6000000000,Tether USD,USDT,6,161,103296,17085803811,101325,20256899,deprecated,3341054
19232894,1707994859,0x64c211f65892827dffd93cbb67bf654c2f6deae43bb16d87704a5d537fa9d5f9,194,0x8150ef0f5f44b74109c8d7be037c2e4dc7f71d192b7504e0ebc40875a0477bce,0xe11a3c6d20b464c77ca7dbe8cf9e83c91dd337be,0xdac17f958d2ee523a2206206994597c13d831ec7,0x7a46020e959cf97f2adc891cc0ed088a0c166527,4000000000,Tether USD,USDT,6,186,155065,19522179586,152686,13629476,deprecated,3341048
19232894,1707994859,0x64c211f65892827dffd93cbb67bf654c2f6deae43bb16d87704a5d537fa9d5f9,194,0x8150ef0f5f44b74109c8d7be037c2e4dc7f71d192b7504e0ebc40875a0477bce,0xe11a3c6d20b464c77ca7dbe8cf9e83c91dd337be,0xdac17f958d2ee523a2206206994597c13d831ec7,0x5b6b4af06798a8c85e8c5effd69b112623e97fd3,4000000000,Tether USD,USDT,6,186,155065,19522179586,152686,13629476,deprecated,3341048
19234014,1708008359,0x7370fccd4a84b5e0a2128820c0b441eebdc111205cabcb2c0c2855734ad728b8,221,0xa282ae81d512f0aa6da48c8577b7972d6865af2b109ae5bcb7c419a9615ff80e,0xe11a3c6d20b464c77ca7dbe8cf9e83c91dd337be,0xdac17f958d2ee523a2206206994597c13d831ec7,0x0f6889f7de048f0c913e919cbe8e7aa4a55c48b1,5000000000,Tether USD,USDT,6,28,103296,137817152651,101325,5573998,deprecated,3339927
19239106,1708070039,0xd789ac195f301d02fea9a89b2980b89da9e5c4258df66aa6bb6e7246444cb502,222,0x1576eb877182e71fa054d860ba6da3fc96b4860952886bc23ad625236eeceb6f,0x75ff84530c0628485127c8501fad8a555307488c,0xdac17f958d2ee523a2206206994597c13d831ec7,0xe11a3c6d20b464c77ca7dbe8cf9e83c91dd337be,31710570000,Tether USD,USDT,6,22,92250,21153332121,91305,4599667,deprecated,3334835
19240893,1708091807,0x8342bcb15bc584dd6ef788a2070274fc79c0443cc0478d403e521a1b04e6208d,159,0xc7899573499bd89c74d020b358a22129cd5950add3406c5b685cffba4b66dd4d,0xe11a3c6d20b464c77ca7dbe8cf9e83c91dd337be,0xdac17f958d2ee523a2206206994597c13d831ec7,0x9886e1f4161b673da0ccc37bb5eefdc46e3a4968,31710570000,Tether USD,USDT,6,98,122000,35663612096,80431,6532986,deprecated,3333048
19274990,1708505807,0x47849a0736c3e27ef144a82f06446517c9f3c28468fbd5c50565591184e32d41,161,0x21ca1e74a18903ce7dc3b4909ffdf57cc747d1ce0417293ac51de52ef062b9b2,0xe11a3c6d20b464c77ca7dbe8cf9e83c91dd337be,0xdac17f958d2ee523a2206206994597c13d831ec7,0xf17d2319d5434899649620cd5264c3c1769d7b00,735460000,Tether USD,USDT,6,86,149154,31371609817,97495,3752212,deprecated,3298951
19311114,1708942919,0xf3be1a62a6f81c3616cd6d803a9aa5ba1a7efd03474ee0508cebd154abfdd23a,162,0x052232ff9e1c66dccb2ccd0bbdaa2e8b38051b8676ffdf20b526746310f1d499,0x75ff84530c0628485127c8501fad8a555307488c,0xdac17f958d2ee523a2206206994597c13d831ec7,0xe11a3c6d20b464c77ca7dbe8cf9e83c91dd337be,100000000000,Tether USD,USDT,6,155,132626,25623819002,87487,6765843,deprecated,3262827
19311770,1708950827,0xc1677b9126a36480a94d63b7b403cb7f82fdac7d8f9bc93c812b1df815da23df,223,0x124def93ed74067cabc75727d0f61adcf4123d56199961c93597c4365c398e08,0xe11a3c6d20b464c77ca7dbe8cf9e83c91dd337be,0xdac17f958d2ee523a2206206994597c13d831ec7,0x7b464929a7c7c9f59335211a0f699667322b4f14,44737670000,Tether USD,USDT,6,39,103321,32306368838,101349,4824671,deprecated,3262171
19318189,1709028455,0x2260028305ac58b51bc934e45c7eac1d1e112c3784c1a423078159f2005d6d6c,163,0x98b34ae93902315a5a383de7140ac481f3b64bfabd57f5638245bd6a506be99a,0xe11a3c6d20b464c77ca7dbe8cf9e83c91dd337be,0xdac17f958d2ee523a2206206994597c13d831ec7,0xf2d414978fa3b4e65d8b936624fa7cbb568d30ee,3000000000,Tether USD,USDT,6,167,121964,38533161839,80407,11494024,deprecated,3255752
19325242,1709113739,0x77d75843f1ce18224e9b2583627a86da0f64d08ea2bd6210e2cf4267b3342fd1,164,0x626e670bb921f4fc515a01355f776db260976480c325f9a8b678967a6639aab0,0xe11a3c6d20b464c77ca7dbe8cf9e83c91dd337be,0xdac17f958d2ee523a2206206994597c13d831ec7,0x3154677b603c2b30810b46a56b46892aa09d60e2,1220000000,Tether USD,USDT,6,90,121964,43832924120,80407,12119039,deprecated,3248699
19340553,1709298875,0x552b5b786c3719f72753eac1c136d9676eb91a6808e84f2ad92e1a4e128e54b9,166,0x4fb23d2f30c05cbfa94dbaf5c486b57331498af957aca89a06d4a872ce746bc6,0xe11a3c6d20b464c77ca7dbe8cf9e83c91dd337be,0xdac17f958d2ee523a2206206994597c13d831ec7,0x302f1ec46029a00457b1929c1aa5610471e9c682,4275800000,Tether USD,USDT,6,208,166040,48634405110,108663,16735110,deprecated,3233388
19340553,1709298875,0x552b5b786c3719f72753eac1c136d9676eb91a6808e84f2ad92e1a4e128e54b9,166,0x4fb23d2f30c05cbfa94dbaf5c486b57331498af957aca89a06d4a872ce746bc6,0xe11a3c6d20b464c77ca7dbe8cf9e83c91dd337be,0xdac17f958d2ee523a2206206994597c13d831ec7,0x302f1ec46029a00457b1929c1aa5610471e9c682,1574500000,Tether USD,USDT,6,208,166040,48634405110,108663,16735110,deprecated,3233388
19353602,1709456351,0x1cfbeb8691487e4a988036d886f525c62103b0ad477e9a794651602bec678518,168,0x8c84c229626785494d8c0bd389cd8f5e87f5fec66745a32e1fa140e6608eb52b,0xe11a3c6d20b464c77ca7dbe8cf9e83c91dd337be,0xdac17f958d2ee523a2206206994597c13d831ec7,0x9886e1f4161b673da0ccc37bb5eefdc46e3a4968,36413380000,Tether USD,USDT,6,194,122000,38660923649,80431,10382781,deprecated,3220339
19367345,1709622179,0x4edf78b8593f978a45f3681dee444f79baa95c54099bd94063f5ec8b4f259ada,224,0x96dd9d7e11b112de914274323daa9eb0616909a56a56637a9b1e88c660b6174e,0xe11a3c6d20b464c77ca7dbe8cf9e83c91dd337be,0xdac17f958d2ee523a2206206994597c13d831ec7,0xbfbcdda6123acd840a8dc17204cf4096676f257e,6000000000,Tether USD,USDT,6,49,85142,73449005505,84225,4040604,deprecated,3206596
19375172,1709716547,0x0f33f2e085bb326aeb17342a22afe87e9d937b9a8358479b47e8910a5fc0c5ec,169,0x2bd1f7266452c9ca3ac8c2b1e49a0e0e8b0f85979a0b174375ccfc6dce7604eb,0x75ff84530c0628485127c8501fad8a555307488c,0xdac17f958d2ee523a2206206994597c13d831ec7,0xe11a3c6d20b464c77ca7dbe8cf9e83c91dd337be,99225000000,Tether USD,USDT,6,117,132626,59831683039,87487,12101741,deprecated,3198769
19384073,1709823875,0x12a0cd4a68f07dbbb61e569b25925ef81c6100915e41d5ebc542f8e16d33988f,225,0x4c74a486e43d0d001c92989a125477524aae7b00eb7b60e947b447a7054c1ede,0xe11a3c6d20b464c77ca7dbe8cf9e83c91dd337be,0xdac17f958d2ee523a2206206994597c13d831ec7,0x7b464929a7c7c9f59335211a0f699667322b4f14,54726370000,Tether USD,USDT,6,94,103309,110364908381,101337,5539718,deprecated,3189868
19405549,1710084023,0x1473077bb2764525f8da8943d1eaf2551ae435983b581fd2cce723372c4f01d5,181,0xe1b923ba1e2d9dd073fe472384f7db3270c4a7bbb8e776616b226bee99e7f030,0xe11a3c6d20b464c77ca7dbe8cf9e83c91dd337be,0xdac17f958d2ee523a2206206994597c13d831ec7,0xb104c36540604bc406a4d8510b1b82d30b5cdb78,816020000,Tether USD,USDT,6,46,103309,60202555746,101337,5707222,deprecated,3168392
19432854,1710414527,0xdfffb8132059817d05deb7cade82476b68bb7e3a0915bcabb6ed9f7014e5b08d,186,0x506a27311724beb3370e38656e03f2c923d9e117b12a7972a555759a312a8331,0xe11a3c6d20b464c77ca7dbe8cf9e83c91dd337be,0xdac17f958d2ee523a2206206994597c13d831ec7,0xe159c80850fba5d34a34a9f18bed089d3c1be929,30640000000,Tether USD,USDT,6,70,103309,54663113584,101337,3860262,deprecated,3141087
19512308,1711379627,0x68a552e0cf6988973601d81210bea0fc89cf471551bed5db1ee9af5ee0ccc8c0,197,0x1e8d25a186e78233b612d1fe67f0fc060d631fcdde671c05ea62daf859a8b528,0x4a72907eeb02ff3e816fec0ca3356f45ba67d1ec,0xdac17f958d2ee523a2206206994597c13d831ec7,0xe11a3c6d20b464c77ca7dbe8cf9e83c91dd337be,12958761168,Tether USD,USDT,6,223,69337,39063963706,41309,19550381,deprecated,3061633
19524348,1711526495,0xbfbf61ef51a0643d7a7ab98121caa14a5f9c3d40c680157a333d16bbde3c4f03,227,0xb0ca1437a252f164c9e4ca017089afa33dadefda91d30768bb2d652982ef48b6,0xe11a3c6d20b464c77ca7dbe8cf9e83c91dd337be,0xdac17f958d2ee523a2206206994597c13d831ec7,0x7b464929a7c7c9f59335211a0f699667322b4f14,45000000000,Tether USD,USDT,6,268,103309,25030453731,101337,16021415,deprecated,3049593
19538395,1711699943,0xd6d0e6b031a718bcd727b98fe2bdb515975f8af8098927024cc99c11a26f5ab4,209,0x7846840a7a5c392d23886f00d5f7a9ea9847455b410c78c6e6cbc1df9d5e0b69,0x4a72907eeb02ff3e816fec0ca3356f45ba67d1ec,0xdac17f958d2ee523a2206206994597c13d831ec7,0xe11a3c6d20b464c77ca7dbe8cf9e83c91dd337be,89137935908,Tether USD,USDT,6,102,69355,23568411120,41321,11024920,deprecated,3035546
19575818,1712154251,0xa4b379cfe328e68baf141afa7699ea3fa53da61f28fb12383697dbe5c714ce99,229,0x63212fc96acfe5eae5dce89e3aa0929cc4f7894e0a01257292ea8b16aa4d5f3e,0xe11a3c6d20b464c77ca7dbe8cf9e83c91dd337be,0xdac17f958d2ee523a2206206994597c13d831ec7,0x7b464929a7c7c9f59335211a0f699667322b4f14,38966810000,Tether USD,USDT,6,90,103321,56700193592,101349,5655307,deprecated,2998123
19718602,1713881459,0xe37381f9282765021db2cec064d013957bd2c5675b391e7c4905c5c7d98d4e4e,235,0x966bea2cceadfa1b50a87e9afa2858244de929326939e7029c113fee609b1d64,0xe11a3c6d20b464c77ca7dbe8cf9e83c91dd337be,0xdac17f958d2ee523a2206206994597c13d831ec7,0x7b464929a7c7c9f59335211a0f699667322b4f14,43790290000,Tether USD,USDT,6,28,103321,26604807663,101349,3380816,deprecated,2855339
19819378,1715099267,0x8637281a974d875db37c06ca7004fe53757deba0c503012ca7d95db7d27d8a0d,184,0x7d4f2ab2067222a16d82528543be78b55f828d2fab2044c1fb19f05aa4160ac1,0x75ff84530c0628485127c8501fad8a555307488c,0xdac17f958d2ee523a2206206994597c13d831ec7,0xe11a3c6d20b464c77ca7dbe8cf9e83c91dd337be,33500000000,Tether USD,USDT,6,160,132626,6082821826,87487,13299992,deprecated,2754563
19823533,1715149415,0x72b7becce7085185fa597f84f93f97c6b8a58274003541f91c4dd7f35c018d2d,218,0x8873ade660ea2c35d7e6304639803a7cb80e3983ea00bee71e1800b1693ddef7,0xe11a3c6d20b464c77ca7dbe8cf9e83c91dd337be,0xdac17f958d2ee523a2206206994597c13d831ec7,0x7b464929a7c7c9f59335211a0f699667322b4f14,34020460000,Tether USD,USDT,6,48,103309,5950827361,101337,4789333,deprecated,2750408
19825293,1715170703,0xa69dd297e3ee2137313b539fddc2b7220d53f4e637a01682b92b01fb403f3498,239,0x4c0fa6fbe27652f104b8e05daa5fce825b175539951618a8ca713c10734ee80d,0xe11a3c6d20b464c77ca7dbe8cf9e83c91dd337be,0xdac17f958d2ee523a2206206994597c13d831ec7,0x4a72907eeb02ff3e816fec0ca3356f45ba67d1ec,3000000000,Tether USD,USDT,6,27,99436,7964225837,97495,2830942,deprecated,2748648
19847401,1715437883,0x77b9f7b4e46deb83d9647822d604ee11b97b111c1f683b3a38732fa8c6500ce6,187,0xc5fe30c2dfeac1b2551b7910634f74d1ecf1e59392d1c2481099a36ded34b10a,0xe11a3c6d20b464c77ca7dbe8cf9e83c91dd337be,0xdac17f958d2ee523a2206206994597c13d831ec7,0x77763143b15b916cf6d9851a07009a547ebb21c0,1080000000,Tether USD,USDT,6,16,99424,7603289177,97483,2329231,deprecated,2726540
19988236,1717139435,0xa97468a0b1639f522886e7ae224283601aa9a2b1046fed587e246259744b7b3a,246,0xd2a65870cae7d62ac7422a2bca969b243f7e9524ca40f9adeeaa9238646678ad,0x75ff84530c0628485127c8501fad8a555307488c,0xdac17f958d2ee523a2206206994597c13d831ec7,0xe11a3c6d20b464c77ca7dbe8cf9e83c91dd337be,25010927832,Tether USD,USDT,6,10,122325,10876780522,110217,2037087,deprecated,2585705
19988320,1717140443,0x0d5770d3f5a7b5a7208a7e3a2f4eeefc5dff9407a572822af195cd33f7efb606,212,0xa1717a6fddeb43ed2f754ed20382c3e03497b169847f70d05a5cfdbd25f4f2e2,0xe11a3c6d20b464c77ca7dbe8cf9e83c91dd337be,0xdac17f958d2ee523a2206206994597c13d831ec7,0xbb0da4daa713b1354d1df8a38e93c3b0d568a2c4,10000000000,Tether USD,USDT,6,4,99448,10689254417,97507,257019,deprecated,2585621
19989885,1717159379,0xe3998b28dce2e6a3859977841d309f1440861a57dedd207cfbbf427003b4b70c,213,0xc5476bef2774df99c1a8d5971dd0227e8b7150595c1301c11864090406a95c62,0xe11a3c6d20b464c77ca7dbe8cf9e83c91dd337be,0xdac17f958d2ee523a2206206994597c13d831ec7,0x178697ff489b390526c636dca1acca30d63c5c67,4050000000,Tether USD,USDT,6,18,81321,19000000000,80419,3430437,deprecated,2584056
20038758,1717748915,0x4feb7c55b31559800987c9fe31c223a85663e435d8a0d40c99708aec74486338,64576,0xed0fdf65bad346d517e5d8a9d3c047becec99d17f577f3014a387f4428174c95,0x663dc15d3c1ac63ff12e45ab68fea3f0a883c251,0xdac17f958d2ee523a2206206994597c13d831ec7,0xe11a3c6d20b464c77ca7dbe8cf9e83c91dd337be,139808035066,Tether USD,USDT,6,21,378682,21353746299,299938,3990216,deprecated,2535183
20039820,1717761695,0x45e75d6d449de1ec5224e1ff74719da218cc824b171471b59ea613b497b22d9a,215,0x0c2d77cc8cd954a82a760cd3b999d0eea9267023bd4d5ee7308bbecfe5bd0477,0xe11a3c6d20b464c77ca7dbe8cf9e83c91dd337be,0xdac17f958d2ee523a2206206994597c13d831ec7,0x84f19939ed43949bef844112ff4dfb047a38c8d4,50000000000,Tether USD,USDT,6,105,85142,15000000000,84225,13442834,deprecated,2534121
20060513,1718011403,0x9b9e8c7afb26f88bb5ef654f7d5274da5512bd4484fd15e08b82bc4a3fe482f2,247,0x925d38618a51bf68c891096e49f339c289b29c9aafb2d27538aea973e7c50e64,0xe11a3c6d20b464c77ca7dbe8cf9e83c91dd337be,0xdac17f958d2ee523a2206206994597c13d831ec7,0x6a955df8f99d2a3054f9e270658b8f4bf4fdde08,10000000,Tether USD,USDT,6,112,81321,4800146903,80419,8631389,deprecated,2513428
20060517,1718011451,0x4aa6bcbdbc50e4c73a774a02d0fd4fcb82c3b87402d2aeee8ef0058cdf7e6c94,0,0xc6614fe6c4362e8d98b659559840d2aa1f3928563ca2af4289d4b74058c94f17,0x6a95e95cfa1be6c4890f785afabaa21771acde08,0xdac17f958d2ee523a2206206994597c13d831ec7,0xe11a3c6d20b464c77ca7dbe8cf9e83c91dd337be,10000000,Tether USD,USDT,6,137,46097,4970787342,41297,11436080,deprecated,2513424
20061405,1718022191,0x8b91d9c0b7854761ab1868fcab225ea1dbd0e0240fb00bdf89cf279a77760597,248,0x263ae18d0b2277eb44a62e2ca3d8825349de3f1b27fc5a86b6c2d5d369b3e9b9,0xe11a3c6d20b464c77ca7dbe8cf9e83c91dd337be,0xdac17f958d2ee523a2206206994597c13d831ec7,0x6a955df8f99d2a3054f9e270658b8f4bf4fdde08,89990000000,Tether USD,USDT,6,32,81345,11844798782,80443,4407102,deprecated,2512536
20069937,1718125199,0x1dda2b246a0eb62fd54bbd13b26017980301ff543af000d4a73bb3dc99c1e1ce,249,0x7e00cd2a16c043ce29bdc1e56beb035090e3a6bf9f25db74f378a83807f9fecd,0xe11a3c6d20b464c77ca7dbe8cf9e83c91dd337be,0xdac17f958d2ee523a2206206994597c13d831ec7,0x53bb01379c7e6f74655d603916c272a13bf33757,2700000000,Tether USD,USDT,6,126,99436,26000000000,97495,8712338,deprecated,2504004
20081676,1718266871,0xe7db51f0458856cb0c8e70b0cd2b0556df1d7b0d7ae3e5aa18254650169bac37,250,0x6e9c0946b7d507c2785221fc96e635f9bfa72b3872d7f86b337e08d91d292bf7,0xe11a3c6d20b464c77ca7dbe8cf9e83c91dd337be,0xdac17f958d2ee523a2206206994597c13d831ec7,0xde16946aec0ed6826ca457b3e76de4c1d49087c4,5000000000,Tether USD,USDT,6,30,99646,13572662657,97703,4154751,deprecated,2492265
20081685,1718266979,0x585ed348461e0d586950e8b9db85078cc47d7f13e29a124e03c8b88a83df74ca,251,0xa0dbab1915c86e5078b6f607fbb3dc780314ab948b6b40b099c560c945693265,0xe11a3c6d20b464c77ca7dbe8cf9e83c91dd337be,0xdac17f958d2ee523a2206206994597c13d831ec7,0x0f6889f7de048f0c913e919cbe8e7aa4a55c48b1,120000000,Tether USD,USDT,6,75,99460,13000000000,97519,7733965,deprecated,2492256
20085060,1718307851,0x94a24f5357e1d30303bcc6cef2fa70721f5a0a99ae73bc5e0a966a646e9c58bf,216,0x30c9f2a8fda95053e727a49f9d37d08c2161f93292adb103e67a0798b92945dd,0xe11a3c6d20b464c77ca7dbe8cf9e83c91dd337be,0xdac17f958d2ee523a2206206994597c13d831ec7,0x4a72907eeb02ff3e816fec0ca3356f45ba67d1ec,4000000000,Tether USD,USDT,6,24,99436,15348164480,97495,4298132,deprecated,2488881
20211152,1719830675,0x8d08e5af5660f6b85981fd4205cc66bb3981cf77141f198c6f9ff69bf28e7668,36032,0xca2dd70a766824be677ec504a8157941bf9438c0061c0c07d82f8fd8ecce3037,0x83c41363cbee0081dab75cb841fa24f3db46627e,0xdac17f958d2ee523a2206206994597c13d831ec7,0xe11a3c6d20b464c77ca7dbe8cf9e83c91dd337be,1379000640,Tether USD,USDT,6,24,100000,8218631657,46109,2680355,deprecated,2362789
20225435,1720003079,0x1adf1c00ddb74e7833cd12a7f5ced3e539058ca356eaea91dacfd121fef37692,218,0x192d43e9351e9d49bca9462c985b1b99a0ac1304585a69cd91f4df9c618d59a2,0xe11a3c6d20b464c77ca7dbe8cf9e83c91dd337be,0xdac17f958d2ee523a2206206994597c13d831ec7,0x7239cb01168759a8ba706264aa0a03bba54db7f5,400000000,Tether USD,USDT,6,31,99436,11899683122,97495,5536776,deprecated,2348506
20275416,1720606295,0x2b061e9bd82ec370c0705530815ed674848ea57c2d0851b091c369529553a19e,257,0xcfad4c5ba3526d8a9f8a368997c289c5445f76c26933f5221fb62e686371b6b7,0xe11a3c6d20b464c77ca7dbe8cf9e83c91dd337be,0xdac17f958d2ee523a2206206994597c13d831ec7,0x7239cb01168759a8ba706264aa0a03bba54db7f5,1000000000,Tether USD,USDT,6,60,99448,4460543922,97507,9065484,deprecated,2298525
20277425,1720630487,0xcd5d9322ed129a42bff9768b45e58a8da208d62ff888f60a8a16475664770b3e,10600,0xbc9421e0de3ad48dcad952f010ced5ecb99ebe8de70b1f22bc26fb644994555e,0x9008d19f58aabd9ed0d60971565aa8510560ab41,0xdac17f958d2ee523a2206206994597c13d831ec7,0xe11a3c6d20b464c77ca7dbe8cf9e83c91dd337be,39955916105,Tether USD,USDT,6,130,619920,9224833493,293917,12605587,deprecated,2296516
20277452,1720630811,0xb5c8e5c00cfcd096f6055b310b28f01d40b1d5e8e45712fa9c55e2658a76f181,6,0x8f28fb99d9d0b87eedf658e152589d6d67706e4d846c1c55413d255cd45c0405,0xe11a3c6d20b464c77ca7dbe8cf9e83c91dd337be,0xdac17f958d2ee523a2206206994597c13d831ec7,0x7b464929a7c7c9f59335211a0f699667322b4f14,39908000000,Tether USD,USDT,6,43,99460,12688409335,97519,8326577,deprecated,2296489
20311363,1721039903,0x922cfa96f704dd4c8f08ed92beda492a2119733bb04e9eeabdef3f1046f7a19c,79721,0xfd517e8b4b98f2bd3ad7ea0a255600eb3908d21a4f3c1184891475d5e24316d9,0x9008d19f58aabd9ed0d60971565aa8510560ab41,0xdac17f958d2ee523a2206206994597c13d831ec7,0xe11a3c6d20b464c77ca7dbe8cf9e83c91dd337be,41937813624,Tether USD,USDT,6,24,1011488,5629388929,493470,6075245,deprecated,2262578
20312682,1721055791,0x137c45b01fd4a5fbb79a57da8e48a411da44ab81bcd76711a657ee4377387940,10,0xc259e92e5ed27e378d0e78050aaebedbbb85b69e78246f6fe05ead88848dfdf1,0xe11a3c6d20b464c77ca7dbe8cf9e83c91dd337be,0xdac17f958d2ee523a2206206994597c13d831ec7,0x7b464929a7c7c9f59335211a0f699667322b4f14,39925960000,Tether USD,USDT,6,43,99472,16000000000,97531,8203097,deprecated,2261259
20425764,1722419615,0xd8a76a26e02aa026ecb6a29573d087dc4bf7be9a80abebe9c0f0852fa1d9cf5c,89805,0x62dcdffb76df9bdda2e9da6a3d2fcb11f8cfeead088bcd722e3e974f2e27a92a,0x663dc15d3c1ac63ff12e45ab68fea3f0a883c251,0xdac17f958d2ee523a2206206994597c13d831ec7,0xe11a3c6d20b464c77ca7dbe8cf9e83c91dd337be,149826237460,Tether USD,USDT,6,18,534899,4805042401,419685,4652361,deprecated,2148177
20425958,1722421943,0xd5cd1bf6bf4a2c5ea7e29e3913fc687f20476f9fc3ec48ca6ba9696c0e38001a,16,0x29c3f246f47712305bcb03afa831d8cc0befe5490ece06e1dc42221f1a450d8f,0xe11a3c6d20b464c77ca7dbe8cf9e83c91dd337be,0xdac17f958d2ee523a2206206994597c13d831ec7,0x7b464929a7c7c9f59335211a0f699667322b4f14,39903090000,Tether USD,USDT,6,21,99484,7921730377,97543,3470604,deprecated,2147983
20490930,1723205147,0x0e74a15de487e3bc5d9a4cd74e55c4f9160ff5efadfdea4ff30d877afe54b46a,5007,0x9ccfb2672f824cd2fbc260b54400e035afd0311fb4a2f5bbd567df9bd916d607,0xe11a3c6d20b464c77ca7dbe8cf9e83c91dd337be,0xdac17f958d2ee523a2206206994597c13d831ec7,0x9008d19f58aabd9ed0d60971565aa8510560ab41,50000000000,Tether USD,USDT,6,113,326488,2548137902,284008,11350581,deprecated,2083011
20491317,1723209791,0x4f4240ff8d729f1191493865fe6821769091ea9cf74cc7c9b53a67f5ad88066c,20,0xa08a78cad48f233fa6b7eaca1814b9b329602855d2cca73ca3d19dc2b89d750e,0xe11a3c6d20b464c77ca7dbe8cf9e83c91dd337be,0xdac17f958d2ee523a2206206994597c13d831ec7,0x7239cb01168759a8ba706264aa0a03bba54db7f5,1000000000,Tether USD,USDT,6,24,99460,9307903882,97519,2716263,deprecated,2082624
20491386,1723210619,0x7c8428202a49a90f65ddf35b919ec244fef975e374dc1ff70c2a2b684b59144f,22,0x9c7896b5f624238ddf251f752d0f4e5663dfb3ac50a255f209ae2b9102b520e4,0xe11a3c6d20b464c77ca7dbe8cf9e83c91dd337be,0xdac17f958d2ee523a2206206994597c13d831ec7,0x70329444f2b33881d5de53a7af51f2485143ed3f,50000000000,Tether USD,USDT,6,24,81333,16000000000,80431,4859034,deprecated,2082555
20518219,1723534175,0xbe699994dfb362db53f56000e42cf6ff9ab8759b4585f9365b3293789c121b8f,18074,0xfb8a9ac077b2112f095da0cdf9354c66f90697126f8324230c9a4254239aa0c7,0x9008d19f58aabd9ed0d60971565aa8510560ab41,0xdac17f958d2ee523a2206206994597c13d831ec7,0xe11a3c6d20b464c77ca7dbe8cf9e83c91dd337be,29960171422,Tether USD,USDT,6,181,716964,1181076470,324581,20674200,deprecated,2055722
20518517,1723537799,0x6bd5c9a1cb3ed58d2958cb640f0ea6c29d9d2c2634a32bb96fa3e3f60c9fd236,24,0xcaad1f2775e4e05767292d1d1ceb21dba7cdc7a54e994191efcb9d9e9acf5b8d,0xe11a3c6d20b464c77ca7dbe8cf9e83c91dd337be,0xdac17f958d2ee523a2206206994597c13d831ec7,0x7b464929a7c7c9f59335211a0f699667322b4f14,38004570000,Tether USD,USDT,6,157,99484,1294241435,97543,13855583,deprecated,2055424
20661323,1725261263,0x8e529dc9349d4bd0112c42ac17d6cac9a203f82a1e950edbedfe09e072eb721f,23566,0x628760f4e30f9817f87b405a3317d4ab7dbded69472508eeaabec8417d191291,0x9008d19f58aabd9ed0d60971565aa8510560ab41,0xdac17f958d2ee523a2206206994597c13d831ec7,0xe11a3c6d20b464c77ca7dbe8cf9e83c91dd337be,33970594686,Tether USD,USDT,6,103,1037064,903070085,488030,10055726,deprecated,1912618
20661415,1725262379,0xed17ec27f6aa7e663b40fbb4f9ea20c424ea363df82202e92d85df961447f79d,31,0x0982b33d5a9d612f669664cb2770104741353a195b8afe2fcbfef5ca37f183ac,0xe11a3c6d20b464c77ca7dbe8cf9e83c91dd337be,0xdac17f958d2ee523a2206206994597c13d831ec7,0x7b464929a7c7c9f59335211a0f699667322b4f14,31409860000,Tether USD,USDT,6,109,81333,2323431068,80431,13147900,deprecated,1912526
20663359,1725285851,0xa9f66a1bccae06c9a3293a8017cd1eed99733e9156cabefa67683a9c05bd5c75,32,0x2956fb4a8f82f409db8c22617da1d33f16a7cb69c17d2f9290d13750d7299f94,0xe11a3c6d20b464c77ca7dbe8cf9e83c91dd337be,0xdac17f958d2ee523a2206206994597c13d831ec7,0x7239cb01168759a8ba706264aa0a03bba54db7f5,1000000000,Tether USD,USDT,6,7,99460,6919958734,97519,944208,deprecated,1910582
20689819,1725604799,0x0bbad532993d5f08452e5be986119c0bace6be847e2d77f9b79afa064198919c,16777,0x724c3fe79debf836b26e5eba51eba43ae11c5eef6c716875efd449f12a05193a,0x9008d19f58aabd9ed0d60971565aa8510560ab41,0xdac17f958d2ee523a2206206994597c13d831ec7,0xe11a3c6d20b464c77ca7dbe8cf9e83c91dd337be,29974963324,Tether USD,USDT,6,105,958098,1246681448,710099,9918784,deprecated,1884122
20690665,1725614987,0xd4c73c114dacff8c2889f64ccf0f4708379077cd2c42e3b9be0ac1959ca91d78,36,0x52c6d3f19715cd093a1f64c71682ccf7f1f8dbcc9fc83211bb835a292b5bd256,0xe11a3c6d20b464c77ca7dbe8cf9e83c91dd337be,0xdac17f958d2ee523a2206206994597c13d831ec7,0x7b464929a7c7c9f59335211a0f699667322b4f14,30610850000,Tether USD,USDT,6,55,99472,2044133335,97531,7692594,deprecated,1883276
20827152,1727261603,0xe12a464f17d3331a4d89083d9dfd08ea8bfb2d1169ab0493a9140b34f29cc3e0,47,0xc6bd7f84ce31b2596fc7b6ce42b9d3f5615f41052ea68e3b1488f7b4a6d43e02,0xe11a3c6d20b464c77ca7dbe8cf9e83c91dd337be,0xdac17f958d2ee523a2206206994597c13d831ec7,0x53bb01379c7e6f74655d603916c272a13bf33757,2700000000,Tether USD,USDT,6,76,85142,21519395065,84225,8694326,deprecated,1746789
20832564,1727326931,0xfca82d976d0b0ca2d4290003dae3b8426823c630c059b5d04a2203fb8d8b1509,9939,0x15a009d0ebce6b1efba4f514cfa6f30c658decb901672b81459f0e4f88a37131,0x9008d19f58aabd9ed0d60971565aa8510560ab41,0xdac17f958d2ee523a2206206994597c13d831ec7,0xe11a3c6d20b464c77ca7dbe8cf9e83c91dd337be,31974284818,Tether USD,USDT,6,51,1799816,14110529142,899908,11742696,deprecated,1741377
20832592,1727327267,0x59cb71118943aa507ab2e8fda9371678b7c8a4319d32278ed7c9e0f11eb94c04,49,0x2a570936acaf6d8a08f0111ce1d4e1105010a07531a13da791c2ba591b221cb5,0xe11a3c6d20b464c77ca7dbe8cf9e83c91dd337be,0xdac17f958d2ee523a2206206994597c13d831ec7,0x7b464929a7c7c9f59335211a0f699667322b4f14,32193710000,Tether USD,USDT,6,55,81345,12850344509,80443,8254990,deprecated,1741349
20871095,1727791115,0x334e8522a7051ca962ecc01e9f7bcd2cc10500e7b6e72e890694ad672369fa8e,264,0x4d9bb2cb6d58b6f5a1523745b4ed5f1e82bbcac98aae206207b098d9ea7e6f6a,0x4a72907eeb02ff3e816fec0ca3356f45ba67d1ec,0xdac17f958d2ee523a2206206994597c13d831ec7,0xe11a3c6d20b464c77ca7dbe8cf9e83c91dd337be,9000000000,Tether USD,USDT,6,79,69337,29304757763,41309,10944177,deprecated,1702846
20912205,1728286307,0x4c04ef2ef721b04be7fed48c6550579cd7604f7491ddeec12bb2d3aca1b67da1,120612,0xd6266bb94ecd88985706fe124a85ec0d785d0dc344382a3e65dbe3272c88c61d,0x663dc15d3c1ac63ff12e45ab68fea3f0a883c251,0xdac17f958d2ee523a2206206994597c13d831ec7,0xe11a3c6d20b464c77ca7dbe8cf9e83c91dd337be,99855425415,Tether USD,USDT,6,27,555878,9735027569,419794,2149375,deprecated,1661736
20913188,1728298139,0xd63ce9d3f24651e9897064b1e98b00282aa7c2ea99cf8dad438e9c2549e1f644,52,0x11d85a75f77faa552934acb512552eca2927346f6c91f6475fdcdc37667d640d,0xe11a3c6d20b464c77ca7dbe8cf9e83c91dd337be,0xdac17f958d2ee523a2206206994597c13d831ec7,0x7b464929a7c7c9f59335211a0f699667322b4f14,39046140000,Tether USD,USDT,6,26,99484,9597903771,97543,3938870,deprecated,1660753
20971991,1729007699,0x93398fc36d8f6e22ad9c5648f7884eefe747fedd7e8638a2faec8b7b2c3f598c,54,0x45b80a9d6748d990da8ead4db76be940105141740539bb4350160a776039528f,0xe11a3c6d20b464c77ca7dbe8cf9e83c91dd337be,0xdac17f958d2ee523a2206206994597c13d831ec7,0x9886e1f4161b673da0ccc37bb5eefdc46e3a4968,9556760000,Tether USD,USDT,6,63,99460,18965611073,97519,9464781,deprecated,1601950
21033862,1729753691,0xf96a36f09b067b1f3d917cda80eabc0692bbe8197c31498a5d2c71b1b7fdd8cb,57,0xa2eda77957a9d5ab3ee8c7b94b25be90ebca19bcefd1460aa12c446c93fb93e6,0xe11a3c6d20b464c77ca7dbe8cf9e83c91dd337be,0xdac17f958d2ee523a2206206994597c13d831ec7,0x7b464929a7c7c9f59335211a0f699667322b4f14,42010160000,Tether USD,USDT,6,109,99460,10311929240,97519,9619440,deprecated,1540079
21128169,1730890787,0x83156167df4b3890cc29af9a4a3f41b2bc1fbc80872fa4b62af331773cd69b39,122781,0x2e395e789abdab6d52e4b743c3c9b8e9a84be6e5489fd4a94ddf662ed69a4df6,0x9008d19f58aabd9ed0d60971565aa8510560ab41,0xdac17f958d2ee523a2206206994597c13d831ec7,0xe11a3c6d20b464c77ca7dbe8cf9e83c91dd337be,28735060008,Tether USD,USDT,6,61,947584,13528090287,458657,6142510,deprecated,1445772
21128218,1730891375,0xc0709133db2972803fbf0a5759489d7a6a4ae1da7faa3b8e19107691f8d53991,62,0xd03155a52effae9f6ec460cd47d5f598a2071f07f5abaa8f83bcb57d7da5d805,0xe11a3c6d20b464c77ca7dbe8cf9e83c91dd337be,0xdac17f958d2ee523a2206206994597c13d831ec7,0x7b464929a7c7c9f59335211a0f699667322b4f14,34751870000,Tether USD,USDT,6,102,99484,14445220692,97543,10867363,deprecated,1445723
21234604,1732173959,0xb70e9ecc34c58d4226d06eb03698a207dcf17687bfad1e8a0ea7622a69986bc7,3746,0x8a06ba7e75c698779f2f2216bf21617cff4148148be9c04fecbf756901cb9964,0x9008d19f58aabd9ed0d60971565aa8510560ab41,0xdac17f958d2ee523a2206206994597c13d831ec7,0xe11a3c6d20b464c77ca7dbe8cf9e83c91dd337be,24955317571,Tether USD,USDT,6,58,700000,9617887499,216934,4547436,deprecated,1339337
21241507,1732257203,0x939afe7bd26f1c3753960f8c46206ef2452aa92663cf4c23fddcef2d8065ddaf,69,0x0fe89a5ada3de9a8fd3d71e6fb9ea123d12aef633e5c85d8dd93815c2728fcf7,0xe11a3c6d20b464c77ca7dbe8cf9e83c91dd337be,0xdac17f958d2ee523a2206206994597c13d831ec7,0x7b464929a7c7c9f59335211a0f699667322b4f14,29518310000,Tether USD,USDT,6,104,99484,8888199107,97543,10343012,deprecated,1332434
21299841,1732961807,0xbc1e07376195b5e6788c81bd4123c94cd8f33d51e655096f852dc47bfe99be54,73,0xeae17a4a0c704f90cd4270ff23e22d8396d6988baa2585c7d2a4579212657d5c,0xe11a3c6d20b464c77ca7dbe8cf9e83c91dd337be,0xdac17f958d2ee523a2206206994597c13d831ec7,0x5319f2b11aef28a8bdd96ff2dc9c7040960d4ad9,3000000000,Tether USD,USDT,6,38,81321,8619161383,80419,2898488,deprecated,1274100
21299847,1732961879,0x8be6edbfdd7d5cd291451a9589179d598fb2b71fb391b73f2a424490f5a3977b,74,0x005705bb96633ed42f5ae94d0269c94ea66e50382b1c78ac8884258b26a4d5e2,0xe11a3c6d20b464c77ca7dbe8cf9e83c91dd337be,0xdac17f958d2ee523a2206206994597c13d831ec7,0xb5f7f4ec1196dc451de567c198019820dd8a3e69,2000000000,Tether USD,USDT,6,90,99460,6854033313,97519,13423269,deprecated,1274094
21392539,1734080231,0xcd4ccb2dc1bbdd3ad2304a4c289588dc5e2f1cdd6e5ff8d7e0a76bb2f3b0aed2,7262820,0xecbe35141d1a38ae2aeb31dea8cb7e6f0cef058ad0c6e42aff6802c4faa795be,0x0d0707963952f2fba59dd06f2b425ace40b492fe,0xdac17f958d2ee523a2206206994597c13d831ec7,0xe11a3c6d20b464c77ca7dbe8cf9e83c91dd337be,1620000,Tether USD,USDT,6,139,1000000,13517463972,46097,15468014,deprecated,1181402
21392561,1734080495,0x1946ea7203c0220c889fdfbb23d2afb3fc165f05d44e1f2d441e8bb5325bd9a4,7262980,0x0816e7055f1991db20f5803d5139c70c67411acef238ad61f65c80a4a6c89427,0x0d0707963952f2fba59dd06f2b425ace40b492fe,0xdac17f958d2ee523a2206206994597c13d831ec7,0xe11a3c6d20b464c77ca7dbe8cf9e83c91dd337be,38996484180,Tether USD,USDT,6,157,1000000,15272810900,46121,15492833,deprecated,1181380
21392585,1734080783,0xd20c35aff03a81c468ea4334e3d0b4be1b810bc346e06fe45df5a89725cbece2,7263066,0x7cebdadc1b9baf13b634e1cfd4c870800cfc2f78b55ca26be31f475f120e8b9c,0x0d0707963952f2fba59dd06f2b425ace40b492fe,0xdac17f958d2ee523a2206206994597c13d831ec7,0xe11a3c6d20b464c77ca7dbe8cf9e83c91dd337be,30844310000,Tether USD,USDT,6,134,1000000,17072216716,46121,12334214,deprecated,1181356
21422087,1734436451,0x7d8a3996c9a9d779e5ed1fdbbff69e379ca70c96e90a32d6b5ccdc8a42bdb088,84,0x9700898266e09cd23074e9a27cf8c9b9a4c5b11f83b7651f0a7541358b5b5c0e,0xe11a3c6d20b464c77ca7dbe8cf9e83c91dd337be,0xdac17f958d2ee523a2206206994597c13d831ec7,0xe57ed5442a88770ddbfad623af182068bcf514b7,10000000,Tether USD,USDT,6,17,99460,9817445523,97519,3418001,deprecated,1151854
21422093,1734436523,0x7d6c2c9fbfc0c396790e46cebc4378a0e1908c40377cfbc9970ea04b422fb15d,0,0x1f331f2568c5de82765e136982f6b401629a214f5b60c9e0701a02c1402d5150,0xe57eb07f8df178f461da18af812d7b3ec67514b7,0xdac17f958d2ee523a2206206994597c13d831ec7,0xe11a3c6d20b464c77ca7dbe8cf9e83c91dd337be,10000000,Tether USD,USDT,6,161,46187,8867950393,41297,13610638,deprecated,1151848
21422094,1734436535,0xf59e93fee5dc61c786e90bfe4fa683b16a333fac92887768c5ef63a1f466d465,119,0x772986cec57944bfeb5173b48ab54f465ce37679c0bce8bffd72d0ca8cb8878d,0xe11a3c6d20b464c77ca7dbe8cf9e83c91dd337be,0xdac17f958d2ee523a2206206994597c13d831ec7,0xe57eb07f8df178f461da18af812d7b3ec67514b7,0,Tether USD,USDT,6,154,58895,8779490260,58095,13447939,deprecated,1151847
21422099,1734436595,0x4ca17b0f81d70367b5bfff74d8926ced69008be0288729d90fe96f3344f6367f,0,0x24a3aebfc342a49d73167cf21b5272d5824f964d66ba959796d9fff15fe7c551,0xe57e2ca5472ed0f81825bf283d613391ecdb14b7,0xdac17f958d2ee523a2206206994597c13d831ec7,0xe11a3c6d20b464c77ca7dbe8cf9e83c91dd337be,10000,Tether USD,USDT,6,290,46175,8624671078,41285,22434179,deprecated,1151842
21422151,1734437219,0xa77536040c57c780831dc0146952f8211b21b17151c37b6ce02fe27ade538a9b,85,0x5a8fed29a7f3498fdac79796db46c89e8c47fbfc329eb95e244260ef4c7f0253,0xe11a3c6d20b464c77ca7dbe8cf9e83c91dd337be,0xdac17f958d2ee523a2206206994597c13d831ec7,0xe57ed5442a88770ddbfad623af182068bcf514b7,69842690000,Tether USD,USDT,6,95,81333,12680453413,80431,8035834,deprecated,1151790
21544374,1735912343,0x280f3ca9b9c487b53955b70bf43f93ada3735acf0efe4751af775a47ce0bce43,0,0x3a376ea1ee535859b7d8d007deb0a75c6117596b3f30636a1a5780d80073a64c,0x6f08040567636b620be05fb8d750787076d577c1,0xdac17f958d2ee523a2206206994597c13d831ec7,0xe11a3c6d20b464c77ca7dbe8cf9e83c91dd337be,1000000,Tether USD,USDT,6,117,69718,12489329374,46097,14446066,deprecated,1029567
21561471,1736118731,0x5d5cbbd70870ce7f72d0fef62900f4efcd4f898394c2bcf24a05d4e31f1ef181,1,0x442af95c8d185f8fd6d211e70c19349cd5b4f1b5d63ab3988085c1416cbb34a2,0x6f08040567636b620be05fb8d750787076d577c1,0xdac17f958d2ee523a2206206994597c13d831ec7,0xe11a3c6d20b464c77ca7dbe8cf9e83c91dd337be,120000000000,Tether USD,USDT,6,63,69736,11161296311,46109,10210159,deprecated,1012470
21564042,1736149811,0xe7239f7b48890c4c7e4d187163ed2781c6e26169c84c624c750c0f9b30824536,93,0x1ba2cbe1b8e9e7c873de953e1adaba18cf12939ba25366c36717733042add457,0xe11a3c6d20b464c77ca7dbe8cf9e83c91dd337be,0xdac17f958d2ee523a2206206994597c13d831ec7,0x5319f2b11aef28a8bdd96ff2dc9c7040960d4ad9,3000000000,Tether USD,USDT,6,69,92509,8874229324,91563,15815627,deprecated,1009899
21564042,1736149811,0xe7239f7b48890c4c7e4d187163ed2781c6e26169c84c624c750c0f9b30824536,93,0x1ba2cbe1b8e9e7c873de953e1adaba18cf12939ba25366c36717733042add457,0xe11a3c6d20b464c77ca7dbe8cf9e83c91dd337be,0xdac17f958d2ee523a2206206994597c13d831ec7,0x5319f2b11aef28a8bdd96ff2dc9c7040960d4ad9,748000000,Tether USD,USDT,6,69,92509,8874229324,91563,15815627,deprecated,1009899
21565288,1736164895,0xe0fe71d009e896346525100d41aa6f6f1b92f2b261525673c55f1de8df55af49,94,0x139a168f1346bd729d3fb3e5dd9d70d8d37dfc3c6908773c45dbea8f247816ce,0xe11a3c6d20b464c77ca7dbe8cf9e83c91dd337be,0xdac17f958d2ee523a2206206994597c13d831ec7,0xe420ee1d7df95df6d08cf8243448085bb16954c0,1330000000,Tether USD,USDT,6,40,81333,9796203008,80431,14620944,deprecated,1008653
21629425,1736938583,0x2c56903d7124cbb30513b5dc2f7e989775adf15c21be645aedeff90276723501,35459,0x401d5af4d249814ce61d4e16b990706a06c0a8e350b25519b215c7566dae3638,0xe11a3c6d20b464c77ca7dbe8cf9e83c91dd337be,0xdac17f958d2ee523a2206206994597c13d831ec7,0x9008d19f58aabd9ed0d60971565aa8510560ab41,100000000000,Tether USD,USDT,6,31,469982,2730882904,228387,4705300,deprecated,944516
21664428,1737360731,0xc058c555b0ff0f357961d93e18b42400a73e91bbca510ec681c5894836863fa9,107,0x91de3374927f0c8472b55d376a8edcaaad7278ffcb80147580600d05a1fa798c,0xe11a3c6d20b464c77ca7dbe8cf9e83c91dd337be,0xdac17f958d2ee523a2206206994597c13d831ec7,0x9886e1f4161b673da0ccc37bb5eefdc46e3a4968,12038890000,Tether USD,USDT,6,55,99484,36677728781,97543,6482093,deprecated,909513
21714556,1737965171,0x0532bbbbb1677e4c6033b365c16571840efba336b4f160e7f5a88fdfd32fec26,30022,0x6c49ccc4acc53fa68d10897bc2d851adf540588165e85fa33b338fef0e7ead9b,0x9008d19f58aabd9ed0d60971565aa8510560ab41,0xdac17f958d2ee523a2206206994597c13d831ec7,0xe11a3c6d20b464c77ca7dbe8cf9e83c91dd337be,19984213053,Tether USD,USDT,6,4,2564346,11366999166,1241454,1775440,deprecated,859385
21714569,1737965327,0x47b621267cdb48845f001ded3965b5fffdc813264620121a47ec1fed1051c876,116,0x402ea64c47bb8bf6e8c4383d1a8c52e17441ced44cdf4ee253529c651fe96d88,0xe11a3c6d20b464c77ca7dbe8cf9e83c91dd337be,0xdac17f958d2ee523a2206206994597c13d831ec7,0x7239cb01168759a8ba706264aa0a03bba54db7f5,20000000000,Tether USD,USDT,6,6,99472,11665820014,97531,1215422,deprecated,859372
21729526,1738145747,0x69b002580a3f8074227e672c389ba4811b0b8b29cc37e5b97f286c32e548fe1b,117,0xac956282f6952df1782fcb81c6d98977c50b37d1c9c50d82709a5bfc796061f8,0xe11a3c6d20b464c77ca7dbe8cf9e83c91dd337be,0xdac17f958d2ee523a2206206994597c13d831ec7,0xfed9c910984c2e7a5763d26d1bb2af0056b5b1e2,1827160000,Tether USD,USDT,6,135,99460,1977841221,97519,16780230,deprecated,844415
21771405,1738651223,0x0a9bbfcc5583a30523b713b26b5bc052d71d8fb67d156a1ffa6be87cf1857f8d,7557063,0xf0b2165f75f4834bf57908906f78165cf23be1a3a96b75c0d9545ff05430ea4a,0x0d0707963952f2fba59dd06f2b425ace40b492fe,0xdac17f958d2ee523a2206206994597c13d831ec7,0xe11a3c6d20b464c77ca7dbe8cf9e83c91dd337be,10533824512,Tether USD,USDT,6,173,1000000,2144898420,46109,31204946,deprecated,802536
21771871,1738656815,0xa6f220e75240b0dda05e30f3ecacc50dc954e709cf8b14d9b07aa3fd04988da1,66056,0xd978f717b7f65008927ae0eaedd14f4e7f7d63fd8c1b94a7bbe5965e52ebf88a,0x83c41363cbee0081dab75cb841fa24f3db46627e,0xdac17f958d2ee523a2206206994597c13d831ec7,0xe11a3c6d20b464c77ca7dbe8cf9e83c91dd337be,12066433630,Tether USD,USDT,6,28,100000,3195731308,46121,3961269,deprecated,802070
21782682,1738787279,0x5cf85051191b141bf4933652956006e1be915c9111e3b8fb4f6175e61a61751b,2,0x647e1c8d5d0fc47fc133ba19f8dc40b5e7ac88e32360cbbd98e1ae7ddbce75ef,0x6f08040567636b620be05fb8d750787076d577c1,0xdac17f958d2ee523a2206206994597c13d831ec7,0xe11a3c6d20b464c77ca7dbe8cf9e83c91dd337be,16000000000,Tether USD,USDT,6,120,69736,1732318915,46109,14121006,deprecated,791259
21845478,1739545487,0x5eab5cff0a999e1aadbdfe4486c20a5a0b2ea846626d2cb1a1a06761d6eec0b1,124,0x3baa4be57ff829ecdde13b0b47d5f45ebe818256e2bbda8c31191802013def59,0xe11a3c6d20b464c77ca7dbe8cf9e83c91dd337be,0xdac17f958d2ee523a2206206994597c13d831ec7,0xfed9c910984c2e7a5763d26d1bb2af0056b5b1e2,10500000000,Tether USD,USDT,6,100,392357,2526171296,380933,10738031,deprecated,728463
21879104,1739952311,0x90f941692e0c6bd82a61ac96c1f0938eaaa0e082e8b2a3915c66e9dd87787910,286,0xffd6029a2fec7b6545fdf391bdbb9be6bde1d7c2d43afe977a5202ddb1d93e40,0xe11a3c6d20b464c77ca7dbe8cf9e83c91dd337be,0xdac17f958d2ee523a2206206994597c13d831ec7,0x7239cb01168759a8ba706264aa0a03bba54db7f5,10000000000,Tether USD,USDT,6,36,99472,1165383823,97531,8635576,deprecated,694837
21966427,1741005755,0xec4e695e1d0063a3d065590ac53ec599e92e4b9949cd5b4d1e0a37585c080464,165706,0x46d286c95594422864deaa2c850ca1304c947721c2a1794763f1cfbadfd76319,0xe11a3c6d20b464c77ca7dbe8cf9e83c91dd337be,0xdac17f958d2ee523a2206206994597c13d831ec7,0x9008d19f58aabd9ed0d60971565aa8510560ab41,20000000000,Tether USD,USDT,6,118,431648,1635307230,205229,14280783,deprecated,607514
22045291,1741957403,0x20634cdf52d66b42a2a10006cb3a57b5b8699806e18c81ddf77dabffe55f6738,294,0xa939905b7eb7d634f629c37e770a3f39c715e54f382b1d01ab5c2aca79935015,0x4a72907eeb02ff3e816fec0ca3356f45ba67d1ec,0xdac17f958d2ee523a2206206994597c13d831ec7,0xe11a3c6d20b464c77ca7dbe8cf9e83c91dd337be,29738953469,Tether USD,USDT,6,85,69355,1736742004,41321,5970909,deprecated,528650
22045823,1741963859,0xab57e496a720baa0d302b36f26ebd1a0c1bbc0b8edcf0a101edf553b8f7f80ea,139,0xe0a9834a95e836d9e6273c4b473263f1255701e39905a952487fa1710b8d2b9b,0xe11a3c6d20b464c77ca7dbe8cf9e83c91dd337be,0xdac17f958d2ee523a2206206994597c13d831ec7,0xfed9c910984c2e7a5763d26d1bb2af0056b5b1e2,10500000000,Tether USD,USDT,6,129,288685,855723069,281875,9705995,deprecated,528118
22172775,1743495071,0xc30e27a64b015bc52ac1e0e5a745dbe268e939c96bd9e812636f5036eb7b3f1e,299,0x16c1bbfcfb63230d41c5092e23b375228fc5a90da6234fce0008182d5efc14d2,0xe11a3c6d20b464c77ca7dbe8cf9e83c91dd337be,0xdac17f958d2ee523a2206206994597c13d831ec7,0x8d027cd2a76211c71423ea1e4a6c8659ac62ae56,3000000000,Tether USD,USDT,6,125,85142,1152541213,84225,13761309,deprecated,401166
22172786,1743495203,0x6c39b2e9dab542874891597eeb48a7ac0b76d6b01e8e133bbf5c0a47ca331324,0,0x072d3ad28c2d7a045ada060743decdee4df05b56d4a0684d2d7fd372ea4c6db1,0x8d02ac7505eb473223378c5713d76a530c94ae56,0xdac17f958d2ee523a2206206994597c13d831ec7,0xe11a3c6d20b464c77ca7dbe8cf9e83c91dd337be,13000,Tether USD,USDT,6,115,46468,961900000,46085,12289743,deprecated,401155
22223036,1744101491,0x9ecbd5c34a721d663bc47acfefdd0a9291e0d5c5f4e15456587cb589b3dc4814,89561,0x5c88db01130582d77b9968e6898d452b6d704e769e70705991a8c397f2bc1042,0xe11a3c6d20b464c77ca7dbe8cf9e83c91dd337be,0xdac17f958d2ee523a2206206994597c13d831ec7,0x9008d19f58aabd9ed0d60971565aa8510560ab41,2500000000,Tether USD,USDT,6,51,1248796,476415337,626366,10759828,deprecated,350905
22273227,1744706135,0x9fa6b5241342f4b658ae167b05f977c00724f21cc96ff8b842c2bf87d43469a2,144,0x408509e8f516411eb80c0a85c5022d486ed401b6bb9164c760abfc20d9915826,0xe11a3c6d20b464c77ca7dbe8cf9e83c91dd337be,0xdac17f958d2ee523a2206206994597c13d831ec7,0xfed9c910984c2e7a5763d26d1bb2af0056b5b1e2,2625000000,Tether USD,USDT,6,184,103284,397710543,101313,15496497,deprecated,300714
22416764,1746438695,0xa63af3108afd48167fe72fe8c98e11e3cb0d324b7ad305fcf6a2fd98579b904c,307,0x48ba072e3b5ecadf4c56651bf44902b1f4480d83cc790ac4226970e2073dc2a0,0xe11a3c6d20b464c77ca7dbe8cf9e83c91dd337be,0xdac17f958d2ee523a2206206994597c13d831ec7,0x8d027cd2a76211c71423ea1e4a6c8659ac62ae56,3000000000,Tether USD,USDT,6,159,81321,403607615,80419,10773091,deprecated,157177
22419661,1746473783,0x714461eaec64a70778f2141f867c6a1cadf6917bc6c19c1218b7d28891022f2c,231,0x515a5ef3f3b974d3f7fc809058997e5fda5d57f77032fc9cd3d2724eea57a21f,0xe11a3c6d20b464c77ca7dbe8cf9e83c91dd337be,0xdac17f958d2ee523a2206206994597c13d831ec7,0x746b53b1327a02a395bdf8fd177949eaf61846b8,10000000000,Tether USD,USDT,6,41,99460,528064049,97519,6188963,deprecated,154280
22432004,1746623915,0xcc675397bb233acd540779a8c5016b1fb44c57274b6c35f5c354f95aec384af3,78121,0x67e87d9499c9b8a46870f310721cbf9020c5103c73f500833b3718ba9d0bce03,0x83c41363cbee0081dab75cb841fa24f3db46627e,0xdac17f958d2ee523a2206206994597c13d831ec7,0xe11a3c6d20b464c77ca7dbe8cf9e83c91dd337be,10000198500,Tether USD,USDT,6,35,100000,3045986472,46121,1743563,deprecated,141937
22432196,1746626243,0x3d16ae7bc2261a1d2bbda40115879b082bcfc84a4826af70e3a5960028db501c,308,0x65dfe56726a4e49b47c085420bc41deecc2bbb85f7d79deecce7b91c3128d918,0xe11a3c6d20b464c77ca7dbe8cf9e83c91dd337be,0xdac17f958d2ee523a2206206994597c13d831ec7,0x8d1bea3c64e10f6622f4db5f309c9a1f9436a412,735000000,Tether USD,USDT,6,66,193317,2578582153,187997,9080632,deprecated,141745
22560266,1748181323,0x8ca16dbb59b5b8ef352f1f9cf4ec5c1fd05ce0006f3bc4553efaf162319e1bc3,4,0x0dc922b152dff0f1173b7e0e1deb8482124cd60dd64e3ad9dd621e7ec809f341,0x6f08040567636b620be05fb8d750787076d577c1,0xdac17f958d2ee523a2206206994597c13d831ec7,0xe11a3c6d20b464c77ca7dbe8cf9e83c91dd337be,25000000000,Tether USD,USDT,6,117,69718,1032919035,46109,29049504,deprecated,13675
